24d8a0ed-dbed-478d-b65b-b5c4120d388f,2023-04-04 01:23:57+00:00,"Darum gehts Letztes Jahr haben dem US-Automarkt verschiedene Faktoren das schlechteste Absatzergebnis seit über zehn Jahren eingebrockt. Nun erholen sich VW, Audi und BMW langsam, während sich Toyota weiter schwertut. Nach einem von Lieferkettenproblemen und Materialmangel geprägten schwachen Vorjahr ist der US-Automarkt im ersten Quartal 2023 wieder besser in die Gänge gekommen. Beim Marktführer General Motors (GM) stieg der Absatz in den drei Monaten bis Ende März im Jahresvergleich um 18 Prozent auf rund 603’200 Neuwagen, wie der Konzern am Montag in Detroit mitteilte. GM lieferte laut eigenen Angaben mehr als 20’000 Elektroautos aus. Auch Volkswagen profitierte vom Autoaufschwung in den USA und setzte im Auftaktquartal laut eigener Mitteilung 67’853 Fahrzeuge mit dem VW-Logo ab – rund 4,4 Prozent mehr als vor einem Jahr. Dabei machten Stadtgeländewagen wie das bei US-Kunden sehr beliebte SUV-Modell Atlas 90 Prozent der Verkäufe aus. Der zum VW-Konzern gehörende Oberklassehersteller Audi steigerte den Absatz sogar um 49 Prozent auf 52’763 Autos. Bei Elektroautos betrug das Plus 37 Prozent. Auch Audis Rivale BMW erhöhte den Absatz in den USA im ersten Quartal kräftig. 82’466 Fahrzeuge der Marke BMW seien verkauft worden, teilte das Unternehmen am US-Hauptsitz in Woodcliff Lake mit. Das waren 11,9 Prozent mehr als im Vorjahreszeitraum. Die Auslieferungen der Tochtermarke Mini legten um 5,9 Prozent auf 7284 Autos zu. Toyota tut sich weiter schwer Während auch Hyundai, Nissan und Honda deutliche Zuwächse verbuchten, tat sich der Branchenriese Toyota weiter schwer. Hier sanken die US-Verkäufe um 9,1 Prozent auf 176’456 Fahrzeuge. Die Zahlen anderer Autobauer wie Mercedes-Benz, Porsche und des zweitgrössten US-Herstellers Ford lagen noch nicht vor. Hartnäckige Lieferkettenprobleme und Engpässe bei wichtigen Bauteilen wie Computerchips hatten dem US-Markt 2022 das schlechteste Absatzergebnis seit über zehn Jahren eingebrockt. Keine News mehr verpassen Mit dem täglichen Update bleibst du über deine Lieblingsthemen informiert und verpasst keine News über das aktuelle Weltgeschehen mehr. Erhalte das Wichtigste kurz und knapp täglich direkt in dein Postfach."
ec96f3ed-045c-4371-9540-1b42f74c93b1,2023-04-04 06:03:04+00:00,"Nach einem von Lieferkettenproblemen und Materialmangel geprägten schwachen Vorjahr ist der US-Automarkt im ersten Quartal 2023 wieder besser in die Gänge gekommen. Davon profitierte auch Volkswagen. Der Autobauer setzte im Auftaktquartal laut eigener Mitteilung 67.853 Fahrzeuge mit dem VW-Logo ab – rund 4,4 Prozent mehr als vor einem Jahr. Dabei machten Stadtgeländewagen wie das bei US-Kunden beliebte SUV-Modell Atlas 90 Prozent der Verkäufe aus. Der zum VW-Konzern gehörende Hersteller Audi steigerte den Absatz sogar um 49 Prozent auf 52.763 Autos. Bei Elektroautos betrug das Plus 37 Prozent. Beim Marktführer General Motors (GM) stieg der Absatz in den drei Monaten bis Ende März im Jahresvergleich um 18 Prozent auf rund 603.200 Neuwagen, wie der Konzern am Montag in Detroit mitteilte. GM lieferte laut eigenen Angaben mehr als 20.000 Elektroautos aus. Auch Audis Rivale BMW erhöhte den Absatz in den USA im ersten Quartal kräftig. 82.466 Fahrzeuge der Marke BMW seien verkauft worden, teilte das Unternehmen am US-Hauptsitz in Woodcliff Lake mit. Das waren 11,9 Prozent mehr als im Vorjahreszeitraum. Die Auslieferungen der Tochtermarke Mini legten um 5,9 Prozent auf 7284 Autos zu. Während auch Hyundai, Nissan und Honda deutliche Zuwächse verbuchten, tat sich der Branchenriese Toyota weiter schwer. Hier sanken die US-Verkäufe um 9,1 Prozent auf 176.456 Fahrzeuge. Die Zahlen anderer Autobauer wie Mercedes-Benz, Porsche und des zweitgrößten US-Herstellers Ford lagen noch nicht vor. Hartnäckige Lieferkettenprobleme und Engpässe bei wichtigen Bauteilen wie Computerchips hatten dem US-Markt 2022 das schlechteste Absatzergebnis seit über zehn Jahren eingebrockt. US-Markt für europäische Autobauer schwierig In den USA wird die Nachfrage vor allem nach E-Autos in den kommenden Jahren rasch wachsen, mit starker Förderung durch die Regierung – aber für europäische Autobauer sei der US-Markt schwierig, heißt es in einer Studie der Unternehmensberatung Berylls: Er sei viel fragmentierter als der chinesische Markt und der europäische Kernmarkt. Die Branchenexperten erwarten, dass 2030 jeder fünfte Neuwagen in den USA elektrisch fährt. Der Jahresabsatz dürfte bis dahin auf über 6,3 Millionen E-Autos steigen. In Anbetracht der Größe des Marktes und der Produktwünsche der amerikanischen Autofahrer könnten die Autobauer laut Studie jedoch ""die USA nicht länger als einen weiteren Absatzmarkt für den Verkauf ihrer auf Europa oder China ausgerichteten Fahrzeuge betrachten"" – eine auf die USA zugeschnittene Produktstrategie sei daher erforderlich, mahnen die Berater. Der Zugang zu den Fördertöpfen im Land erfordere auch eine Neubewertung der Lieferketten und der Markteinführungsstrategien. ""Die Pläne von Tesla in Nevada, Ford in Michigan und VW in Ontario sind erst der Anfang"", heißt es in der Studie. Viele Konzernvorstände sähen noch Kompetenzlücken bei ihren Lieferanten und Partnern, von technischen Fähigkeiten bis hin zur E-Auto-Kompetenz ihres Händlernetzes. Das meistverkaufte Fahrzeug in den USA ist laut Berylls der Ford F-150 Pickup Truck. Bei den E-Autos sei Tesla mit 64 Prozent Marktanteil und 15 Prozent Gewinnmarge vorne."
53140994-3113-473a-9da6-fbe0b8d15cff,2023-04-05 07:54:34+00:00,"UnternehmerTUM und BMW Group starten Circular Republic. Die gemeinsame Initiative soll Kreislaufwirtschaft inhaltlich und kommunikativ vorantreiben. Dazu haben wir Alexander Bilgeri, Leiter Kommunikation Personal, Produktion, Einkauf und Nachhaltigkeit und Karsten Peddinghaus, Leiter Circular Economy frühe Phase und Technologieförderung befragt. Wie kam es zur Initiative Circular Republic? Bilgeri: Die Initiative wurde gemeinsam von UnternehmerTUM, Europas größtem Start-Up- und Gründungszentrum, und der BMW AG gestartet. Beide Häuser suchend laufend und seit fast 20 Jahren den Austausch zu aktuellen Fragestellungen, insbesondere im Bereich Innovation. Daher haben wir die Idee, die zur Circular Republic geführt hat, für große und kleine Circularity-Initiativen eine gemeinsame Plattform zu schaffen, in den Raum gestellt. UnternehmerTUM hat den Ball aufgenommen und vernetzt die Ideen nun übergreifend, was wir nach Kräften unterstützen. Die Herausforderungen unserer Zeit kann nicht eine Initiative, ein Unternehmen, allein lösen. Große technologische Sprünge sind nur gemeinsam möglich, zum Beispiel mit gemeinsamen Plattformen, das zeigt sich zum Beispiel auch bei der Initiative Catena X. Die beiden Plattformen Catena X und Circular Republic werden uns helfen, entscheidende Schritte bei den Themen Kreislaufwirtschaft, CO2-Reduktion sowie Resilienz gehen zu können. Welches Ziel hat die Initiative? Peddinghaus: In der Kreislaufwirtschaft sehen wir als Automobilbauer einen Schlüssel zur weiteren CO2-Reduzierung und Schonung der natürlichen Ressourcen. Es geht zudem um Resilienz und Robustheit, auch in unseren Lieferketten. Ein zentraler Punkt ist die Sicherung der Ressourcen insbesondere aus den Hochvoltbatterien. Die BMW Group treibt die Idee der Kreislaufwirtschaft konsequent voran und hat diesen Anspruch auf der IAA Mobility 2021 mit dem Visionsfahrzeug BMW i Vision Circular kommunikativ untermauert. Bilgeri: Mit der Circular Republic wollen wir kräftige Impulse für eine resiliente und nachhaltige Wirtschaft setzen. Es geht darum, viele gute Ideen und Initiativen in der Metropolis München anzusiedeln. Circular Republic ist aber mehr als München. Letztlich steht die gemeinsame Plattform für das Bündeln der Kräfte im weitesten Sinn. Die gegenseitige Befruchtung und der stete Wissenstransfer zwischen Wirtschaft und Wissenschaft gepaart mit dem Mut und der Kreativität junger Köpfe aus der Start-up-Szene sind entscheidend für Innovationen und damit einen dauerhaft prosperierenden Wirtschaftsstandort. Was erhofft sich die BMW Group von der Circular Republic? Bilgeri: Die Herausforderungen unserer Zeit lösen wir nur gemeinsam. Wir wollen helfen, Ideen ans Licht zu bringen, sie wachsen zu lassen und skalierbar machen. Als Autobauer fahren unsere Rohstoffminen der Zukunft sinngemäß heute auf den Straßen. Gemeinsam mit unseren Partnern möchten wir unsere Vision der Kreislaufwirtschaft sukzessive zur Realität bringen und die Rohstoffe aus Altfahrzeugen bestmöglich wiederverwerten. Peddinghaus: Bereits heute stecken in unseren Neufahrzeugen Sekundärrohstoffe. Den Anteil möchten wir konsequent erhöhen. Dafür braucht es ein gesamtgesellschaftliches Umdenken weg von der Wegwerfgesellschaft und hin zu geschlossenen Materialkreisläufen. Wir sehen in Circular Republic gerade auch eine Plattform von Initiativen, Unternehmen, Wissenschaft und kreativen Köpfen, um das Thema insgesamt nach vorne zu bringen. Es geht darum, gemeinsam kreative Ideen zu entwickeln und als Sandbox-Lösungen wachsen zu lassen. Wie genau sieht die Kooperation beider Partner aus? Peddinghaus: Wir kooperieren auf zwei Ebenen. Zum einen auf fachlicher Seite, um im Rahmen von Multi-Stakeholder-Initiativen den Wissenstransfer mit unseren Forschungs- und Innovationsbereichen zu intensivieren, sowie den weiteren Partner-Projekten in unserem Haus zum Thema Kreislaufwirtschaft. Es geht um den gegenseitigen Austausch wertvoller Impulse und die Initiierung gemeinsamer Projekte, von denen alle Seiten profitieren. Ein Beispiel ist die unternehmensübergreifende Gestaltung von Wertstoffkreisläufen – insbesondere beim Recycling von Hochvoltspeichern. Hier wollen wir eine Kreislauflösung mit Startups und weiteren Unternehmen pilothaft umsetzen. Bilgeri: Die zweite Ebene ist der Bereich Kommunikation. Wir wollen die Vorteile der Kreislaufwirtschaft noch stärker ins Licht der Öffentlichkeit rücken und Begeisterung wecken. Circular Economy gehört zu den absoluten Megatrends. In den 2020er-Jahren steht die Diskussion um CO2-Reduktion im Mittelpunkt, in den 2030er-Jahren werden wir in erster Linie über Zirkularität sprechen. Circular Republic soll sukzessive internationale Strahlkraft entfalten und das Megathema Kreislaufwirtschaft in der Breite verankern. Warum ist jetzt der richtige Zeitpunkt, eine gemeinsame Plattform für Kreislaufwirtschaft zu starten? Bilgeri: Wir müssen uns alle klar machen: wenn wir als Gesellschaft und Unternehmen zukünftig erfolgreich sein wollen, dann ist es zwingend, in Kreisläufen zu denken. Langfristiges Denken und verantwortungsvolles Handeln sind seit jeher die Grundlage des wirtschaftlichen Erfolges der BMW AG. Das Unternehmen hat Nachhaltigkeit und Ressourcenschonung frühzeitig ins Zentrum seiner Ausrichtung gerückt. Insofern passt die Idee der Kreislaufwirtschaft perfekt zu uns. Die aktuellen globalen Herausforderungen geben dem Thema nochmals deutliche Schubkraft."
f0c6f553-a4de-47b4-9557-dccd28df3c41,2023-04-05 13:03:00+00:00,"Startseite Wirtschaft Joe Bidens E-Auto-Subvention: BMW, Mercedes und VW schauen erst mal in die Röhre Von: Markus Hofstetter Damit in den USA der Käufer eines E-Autos in Genuss einer Steuergutschrift kommt, muss das Fahrzeug gewisse Bedingungen erfüllen. Die Europäer bleiben zunächst außen vor. Washington - Am Freitag (31. März) hat das US-Finanzministerium die Regelungen für die Subventionen für Endkunden, die ein Elektroauto kaufen wollen, veröffentlicht. Diese sollen am 18. April in Kraft treten. Demnach erhalten die Käufer von E-Auto Steuergutschriften von maximal 7500 Dollar. Voraussetzung ist allerdings, dass einige Bedingungen zur Herkunft der in der Batterie verbauten Rohstoffe und dem Produktionsland der Batterie erfüllt werden. Neue US-Regeln für E-Autosubventionen: Steuergutschrift ist zweigeteilt Um die eine Hälfte der Steuergutschrift, also 3750 Dollar, zu erhalten, müssen 40 Prozent der kritischen Mineralien einer Batterie, dazu zählen Lithium, Nickel oder Kobalt, in den USA oder in einem Land, mit dem die USA ein Freihandelsabkommen hat, abgebaut, verarbeitet oder recycelt werden. Bis 2027 soll dieser Anteil in jährlichen Schritten auf 80 Prozent steigen. Um sich die zweite Hälfte der Steuergutschrift sicher zu können, müssen ab 2023 mindestens 50 Prozent der Batteriekomponenten eines Fahrzeugs in Nordamerika produziert oder montiert werden. Ab 2029 soll sich dieser Anteil auf 100 Prozent erhöhen. US-Regeln für E-Autosubventionen: Für Autokäufer gibt es Gehaltsobergrenzen Schon jetzt müssen Käufer und Fahrzeug Bedingungen erfüllen, die auch weiterhin gelten werden. So darf das Einkommen eines Autokäufers, der in den Genuss der Subventionen kommen will, bestimmte Grenzen nicht überschreiten. Bei einem Ehepaar sind es 300.000 Dollar, bei einem Haushalt mit nur einer Erwerbsperson 225.000 Dollar, bei allen anderen 150.000 Dollar. Zudem gibt es Preisobergrenzen bei den Fahrzeugen. Es gibt die Steuergutschrift nur, wenn ein Auto weniger als 55.000 Dollar kostet, Lastwagen, Lieferwagen und SUV weniger als 80.000 Dollar. Neue US-Regeln für E-Autosubventionen: Zahl der subventionsfähigen Elektroautos wird sinken Damit sich ein Fahrzeug für die Steuergutschrift qualifiziert, muss der Autobauer der US-Regierung in den kommenden Wochen entsprechende Informationen liefern, schreibt das Handelsblatt unter Berufung auf einen hochrangigen Regierungsbeamten aus dem Weißen Haus. Die Konzerne seien „zu korrekten Angaben verpflichtet“, sagte der Beamte, andernfalls drohten Strafzahlungen. Nach den aktuellen Förderbedingungen qualifizieren sich derzeit fast 40 Elektroautomodelle für Steuererleichterungen. Bis die Hersteller die neuen Bedingungen erfüllen und die korrekten Angaben an die Regierung weitergegeben haben, dürfte die Zahl zunächst schrumpfen. E-Autosubventionen: Neue Regeln sorgen für Verwirrung Kaum veröffentlicht, stoßen die Regeln schon auf Kritik. „Es ist sehr verwirrend. Das ist eines der größten Probleme. Soll man leasen oder kaufen? Was kostet das? Sind Sie überhaupt berechtigt?“, sagte Michelle Krebs, Analystin für den Branchendienstleister Cox Automotive, der Washington Post. „Wer informiert Sie darüber? Auch die Händler kennen sich nicht aus.“ Die neuen E-Auto-Regeln sind Teil des Inflation Reduction Act (IRA), auf dessen Basis die USA mindestens 370 Milliarden US-Dollar in die Förderung klimafreundlicher Technologien stecken. Sie könnten den Batterie-Streit mit der EU neu anfachen. Da die Staatengemeinschaft kein Freihandelsabkommen mit den USA hat, sind in der EU produzierte Autos von den Subventionen faktisch ausgenommen. Die Vizepräsidentin der Europäischen Kommission, Margrethe Vestager, warnte laut Handelsblatt erneut vor einem Subventionswettlauf und kritisierte, dass die massiven Förderungen des IRA den Industriestandort EU gefährden könnten, weil europäische Hersteller ihre Produktion stärker in die USA verlagern könnten. Mit Audi plant dort bereits ein namhaftes Unternehmen eine Produktionsstätte. Die europäischen Hersteller sind in den Richtlinien zunächst nicht erwähnt. Damit haben Käufer eines E-Modells von BMW, VW oder Mercedes keinen Förderanspruch - anders als japanische Hersteller. Allerdings gibt es Anlass zur Hoffnung. „Weitere Länder“, heißt es in dem Text vielsagend, könnten mit aufgenommen werden."
48b9ece9-4338-4c2b-8ff5-df332e532f69,2023-04-05 14:30:00+00:00,"Startseite Wirtschaft BMW setzt auf neue Super-Batterie - und will Tesla in die Schranken verweisen Von: Patrick Freiwah Zeigt BMW dem Elektro-Pionier Tesla bald die Rücklichter? Mit der nächsten E-Auto-Generation wollen die Bayern den Herausforderer endgültig in die Schranken verweisen. München/Huizhou - Tesla hat etablierten Autobauern in den vergangenen Jahren das Fürchten gelehrt. Aufgrund des Mobilitätswandels in Richtung Elektrifizierung setzte das Unternehmen von Elon Musk zu einem globalen Höhenflug an. Auch BMW gehört zu jenen Herstellern, für die Tesla aufgrund seiner Elektroauto-Expertise schon fast eine „Vorbildfunktion“ einnahm. Doch sind die Vorzeichen dabei, sich wieder zu ändern - und es gibt Anzeichen, dass die Münchner schon bald zum Gegenschlag ausholen. Denn was den Knackpunkt Reichweite betrifft, könnte der Premiumkonzern US-Rivale Tesla schon bald überholen. BMW-Zulieferer entwickelt „Super-Akku“ - Reichweite könnte massiv steigen Der Grund für den Optimismus kommt aus China: Batteriehersteller Eve Energy hat eine neue Batterietechnologie vorgestellt, welche jene von Tesla in Sachen Effizienz übertrumpfen würde. Dabei handelt es sich um 4695-Akkuzellen, die laut Golem.de einen Energiegehalt aufweisen, der gegenüber den 4680-Zellen im Hause Tesla um rund 46 Prozent anwächst. Warum der auf einem „International Battery Seminar“ in den USA vorgestellte Akku für BMW eine bedeutende Rolle spielt: Neben dem chinesischen Zuliefer-Giganten CATL wird auch Eve Energy die Münchner mit Akkus versorgen. Aus zwei Gesichtspunkten bahnt sich demnach eine Optimierung der künftigen Elektroautos an: Einerseits können Reichweite und Effizienz der Elektroautos erhöht werden (größeres Zellformat und höhere Energiedichte), andererseits können die Produktionskosten sinken. Vor wenigen Monaten erklärte der Hersteller aus Bayern, den finanziellen Aufwand in diesem Bereich um etwa die Hälfte reduzieren zu wollen. Die von Eve Energy vorgestellten 4695-Batteriezellen (Durchmesser = 46 mm, Länge 95 mm) weisen demnach eine größere Speicherkapazität auf, wodurch sich bei den Akkupacks weniger Zellen verwenden lassen. Die innovativen Energiespender sind in den Dimensionen in der Länge um 15 Millimeter gewachsen. Jedoch sollen sie gegenüber den in Tesla-Modellen verbauten Akkus eine Reichweitensteigerung von imposanten 40 Prozent ermöglichen, zumindest in der Theorie. Neuer Super-Akku für BMW? Eve schwärmt von kurzen Ladezeiten Im Jahr 2021 weckte der US-Autobauer mit der Ankündigung von 4680 Zellen große Hoffnungen, die im Hinblick auf die Energiedichte dem Vernehmen nach aber enttäuschten. Als mitentscheidend für die magere Ausbeute benennt das Technikportal den Verzicht auf Silizium in der Anode. Wird die Frischzellenkur im Hause BMW ein größerer Erfolg bezüglich der Effizienz? Die BMW-Elektroautos der Zukunft könnten so innerhalb von nur zwölf Minuten bei fast leerem Akku auf eine Kapazität von 80 Prozent geladen werden, durch eine Steigerung der Ladeleistung bis zu 280 Wattstunden pro Kilogramm. Zum Vergleich: Bei Tesla-Modellen befindet sich dieser Wert derzeit im Bereich 235 Wh/kg, was eine höhere Ladedauer von etwa 20 Minuten erfordert. Jedoch gibt es bei der neuen Akkutechnologie von Eve eine negative Begleiterscheinung: Das Gesamtgewicht des Elektroautos würde offenbar bis zu vier Prozent steigen, falls die mögliche Kapazität vollumfänglich genutzt wird. Am Ende ergibt sich damit auch folgende Frage: Wirkt sich der vermeintliche Super-Akku mehr auf die Effektivität der BMW-Stromer aus, oder können stattdessen die Fertigungskosten gesenkt werden und demzufolge die Margen für Premiummodelle erhöht? Eine Kombination aus beiden Szenarien erscheint realistisch. Autos und Alkohol: Derweil verkauft Tesla nun auch Bier aus Berlin. (PF)"
293c7141-28a7-40b6-aa85-7364c22140b7,2023-04-06 03:00:00+00:00,"Deutsche Fabriken geraten bei der Digitalisierung ins Hintertreffen. Dabei gibt es bereits einige gute Beispiele, wie eine komplett digitalisierte Produktion aussehen kann. Wer jetzt noch Zweifel am Fortschritt der digitalen Transformation in der Industrie hat, braucht nur in die Automobilbranche zu schauen. Mehr als zwei Jahre vor dem geplanten Serienanlauf ist beispielsweise vor wenigen Tagen die Fahrzeugproduktion im künftigen BMW-Werk im ungarischen Debrecen angelaufen – rein virtuell. Die Bauarbeiten haben gerade begonnen. In der Fabrik soll die nächste Generation rein elektrisch betriebener Modelle der BMW Group produziert werden. Vorgestellt hat der Automobilbauer die komplett digitale Fabrikplanung kürzlich auf einer internationalen Konferenz für künstliche Intelligenz und Metaverse des Grafikchipspezialisten Nvidia, dessen 3D-Visualisierungsplattform BMW nutzt. Darüber hinaus will der Automobilkonzern noch Anfang dieses Jahres sämtliche Werke komplett digital erfasst haben, um künftig Prozesse im Produktionssystem zu 100 % virtuell planen zu können. Dazu werden sowohl tragbare Scanner als auch Drohnen eingesetzt. Roland-Berger-Studie zu Industrie 4.0: Was andere Unternehmen von der Automobilbranche lernen können Der Konzern aus München ist damit nicht allein. Industrie-4.0-Experte Detlef Zühlke, Gründer der Initiative „Smart Factory Kaiserslautern“, verweist dazu gerne auf das globale Innovationszentrum von Hyundai Motor in Singapur. Dort setzt der koreanische Konzern ebenfalls voll auf digitale Zwillinge und baut seine Kompetenzen in Robotik und KI aus. Nach der Übernahme des Roboterherstellers Boston Dynamics wurde 2022 ein eigenes KI-Institut gegründet. Das Startkapital soll 400 Mio. $ betragen. Bei den beiden Automobilherstellern wird also bereits in großen Teilen gelebt, was die Deutsche Akademie der Technikwissenschaften (Acatech) vor zehn Jahren auf der Hannover Messe 2013 als „Umsetzungsempfehlungen für das Zukunftsprojekt Industrie 4.0“ dem Bundesforschungsministerium mit auf den Weg gab. Aber wie sieht es in Deutschland allgemein aus? Deutschland fällt laut aktuellem Industrie-4.0-Barometer zurück"
d3ccbf59-f9ec-4479-a51a-a816053dddca,2023-04-06 07:44:24+00:00,"MINI gibt den Produktionsstart der 100 % elektrischen Version seines Countryman-Modells bekannt. Die Entwicklung beginnt im November 2023 in Leipzig, Deutschland Das größte Modell von MINI, der Countryman, zeigt uns heute die Ergänzung seines Katalogs um a voll elektrifizierte und emissionsfreie Version, dem MINI Countryman E. Endlich gibt uns das Unternehmen erste Hinweise auf das Elektromodell und das bei extremen Wetterbedingungen mit Eis und Schnee. Es wird das erste Modell sein, das hergestellt und montiert wird im Werk in Leipzig, Deutschland Stand November dieses Jahres. Es gibt bereits eine Plug-in-Hybrid-Version des Countryman namens MINI Cooper SE Countryman ALL4, mit zusätzlichem 65 kW/88 PS starken Elektromotor. Das Modell kam 2017 auf den Markt. Die neue Version, die MINI Countryman SE ALL4 Es ist völlig elektrisch und gibt keine Schadstoffemissionen nach außen ab. Diese Version von Allradantrieb verfügt über einen Elektromotor und zwei hochintegrierte Antriebseinheiten an Vorder- und Hinterachse, die ihm eine Leistung von 313 CV und eine 64,7-kWh-Batterie hat eine Reichweite von bis zu 450 km im WLTP-Zyklus. Allerdings ist die Version Landsmann E hat eine Macht von 140 kW / 191 CV. Die neue Version des Fünftürers bringt viele Neuerungen in Sachen Mechanik und Design mit. Die Marke zielt darauf ab, a zu erreichen Umweltverträglichkeit bei der Herstellung des Modells und Kombinieren Sie es mit emissionsfreier Elektromobilität. Wie vom Unternehmen angegeben, in der „Grüne Pflanze” der Leipziger Einrichtungen haben vier Windkraftanlagen, die mehr als 20 GWh erzeugenund zeigt damit den Weg zur Dekarbonisierung der Produktion auf Ersatz fossiler Brennstoffe durch Wasserstoff; „Die BMW Group baut bis 2024 die Produktionskapazitäten für elektronische Komponenten vor Ort auf acht Produktionslinien aus und investiert mehr als 800 Millionen Euro“, um ihr Anliegen für Umwelt und Nachhaltigkeit deutlich zu machen. Innovatives und nachhaltiges Interieur Aufgrund des Engagements des Unternehmens für Umweltverträglichkeit waren sie dazu gezwungen auf diverse Dekoelemente verzichten sowohl innerhalb als auch außerhalb des Fahrzeugs. Die nächste Generation der MINI-Modelle konzentriert sich auf Minimieren Sie Ihren ökologischen Fußabdruck Zu diesem Zweck hat es bei der Herstellung seiner Innenräume eine hochwertige, farbenfrohe und komfortable Alternative integriert. Die Oberflächen von Armaturenbrett, Lenkrad, Dach, Fahrzeugboden und Matten bestehen aus recyceltem Polyester PET-Flaschen und Teppichreste. Dieser Ansatz hat es ermöglicht CO2-Emissionen reduzieren entlang der Wertschöpfungskette um 85 %, was das Engagement der Marke für Umwelt und Nachhaltigkeit zeigt. Countryman E Exterieur Der MINI Countryman E ist ein geräumiges, für alle Geländearten konzipiertes Fahrzeug, das seinen Insassen im Vergleich zum Vorgängermodell mehr Komfort und Platz bietet. Mit einem 13 Zentimeter Längenzuwachs, erreichen die 4.429mmDieses Modell bietet mehr Platz für Beine und Gegenstände im Fahrzeuginneren. Darüber hinaus wurde die Höhe des Fahrzeugs angepasst um fast sechs Zentimeter vergrößert, erreichen die 1.613mm, was für mehr Kopffreiheit und mehr Komfort beim Reisen sorgt. Mit diesen Änderungen soll der MINI Countryman E ein Erlebnis bieten breiteres und komfortableres Fahrgefühl, ohne Kompromisse bei seinem ikonischen Stil und seiner hochwertigen elektrischen Leistung einzugehen."
bbe5f8d3-1cbf-4ecf-aae3-ba151a9f143f,2023-04-11 05:44:21+00:00,"Zu den vielen Startups, die man unbedingt im Blick behalten sollte, gehört das Münchner Unternehmen DeepDri ve. Das Münchner Startup, 2021 unter anderem von Stefan Ender und Felix Pörnbacher gegründet, entwickelt Antriebe für Elektrofahrzeuge. “Der neuartige Motor ist effizienter, kostengünstig produzierbar und ermöglicht die Integration des Antriebs ins Rad durch eine kompakte, leichte Bauweise”, teilt die Jungfirma zum Konzept mit. “Die Effizienz von E-Fahrzeugen ist eine der größten Herausforderungen nahezu aller Automobilhersteller. Wir konnten mit unserem Doppelrotorantrieb eine Schlüsseltechnologie entwickeln, die genau dieses Problem aufgreift und damit auf extrem hohes Interesse aus der Industrie stößt. Durch unseren Fokus auf disruptive Innovation gepaart mit professioneller Großserienerfahrung sehen wir uns als einen Wegbereiter der Elektrifizierung für die Mobilität”, sagt Gründer Pörnbacher zur Idee hinter DeepDrive. Und die Idee kommt an! BMW i Ventures, der Venture-Ableger der BMW Group, Continental Venture Capital Unit und Automobilmanager Peter Mertens investierten zuletzt 15 Millionen Euro in das Unternehmen. “Das frische Kapital möchte das Unternehmen nutzen, um die industrielle Produktion der Motoren zu starten und weiter personell zu wachsen” UVC Partners, Bayern Kapital sowie Business Angels Peter Mertens und Jonas Rieke investierten zuvor bereits 4,3 Millionen Euro in DeepDrive. “Die Zukunft der Mobilität ist elektrisch. In den letzten Jahren haben wir eine starke Akzeptanz von Elektrofahrzeugen erlebt, aber Reichweite und Kosten sind immer noch eine Herausforderung. Beide werden durch die innovative Lösung von DeepDrive angegangen. DeepDrive ist ein sehr gutes Beispiel dafür, wie das Startup-Ökosystem zusammen mit etablierten Unternehmen Deep-Tech-Lösungen entwickeln und skalieren kann, die Europa wettbewerbsfähig halten und zur Lösung der Klimakrise beitragen”, sagt Andreas Unseld von UVC Partners. Tipp: Mehr aufstrebende Startups gibt es in unserer Startups To Watch-Rubrik. Startup-Jobs: Auf der Suche nach einer neuen Herausforderung? In der unserer Jobbörse findet Ihr Stellenanzeigen von Startups und Unternehmen. Foto (oben): DeepDrive"
caba8ee5-0d26-4ca1-959d-06e0de063857,2023-04-11 09:42:23+00:00,"BMW hat neben der Market Zrt. als Generalunternehmer auch die ebenfalls einheimische KÉSZ-Gruppe mit Bauausführungsarbeiten für das Automobilwerk beauftragt. Diese zieht parallel mehrere Betriebsteile des Werks hoch, unter denen die auf 90.000 m2 angelegte Lackiererei am weitesten gen Himmel ragt. Die BMW Group als Auftraggeber formuliert ungewöhnlich hohe Ansprüche an die Baufirmen, insbesondere was Nachhaltigkeit und Energieeffizienz betrifft. Dadurch stellt sich die Errichtung der dreigeschossigen Lackiererei als besonders komplex dar. Werksleiter Hans-Peter Kemser verwies auf die zentrale Stellung der Lackiererei im Entstehungsprozess von Autos der „Neuen Klasse“, die künftig aus der BMW iFACTORY in Debrecen rollen sollen. Einem Werk, das vollständig ohne Erdgas auskommen wird, die benötigte Energie zum größten Teil vor Ort selbst erzeugt und den Rest als zertifiziert grünen Strom zukaufen will."
4a251f8d-bf90-4aa6-af2f-1749203be71b,2023-04-11 11:19:55+00:00,"Der Autobauer BMW hat im ersten Quartal etwas weniger Fahrzeuge losgeschlagen als im Vorjahreszeitraum, rechnet aber mit besseren Zahlen im Laufe des Jahres. Von Januar bis März lieferte die BMW Group mit 588.138 Einheiten 1,5 Prozent weniger Fahrzeuge aus als im ersten Quartal 2022, teilte der Konzern am Dienstag mit. Die Kernmarke BMW erreichte mit knapp 518.000 Autos fast das Vorjahresniveau. Einem Absatzrückgang in Europa und China stand dabei kräftiges Wachstum in den USA gegenüber. ""Die BMW Group ist auf Kurs, ein leichtes Wachstum im Gesamtjahr 2023 zu erzielen"", erklärte Vertriebschef Pieter Nota (58). Weltweit zeige sich im März ein klarer Aufwärtstrend. Die Aktie von BMW rückte gegen Mittag um rund 2,2 Prozent auf 100,76 Euro vor und zählte damit zu den stärksten Werten im Dax, der Leitindex selbst kletterte zeitgleich um etwa ein halbes Prozent. Neben den neuen 7er-Verbrennermodellen in der Oberklasse und dem erneuerten SUV X7 seien vollelektrische Fahrzeuge ein Wachstumstreiber. In den ersten drei Monaten des Jahres steigerte BMW den Absatz an Elektroautos über alle Marken hinweg um 83 Prozent auf 64.647 Stück. Die Marke BMW verkaufte mit fast 56.000 Wagen mehr als doppelt so viele E-Autos wie im Vorjahresquartal."
ceea2aa6-96fe-4bf7-b119-f2f90aa97d3e,2023-04-12 06:29:55+00:00,"BMW: Elektro-Absatz in Q1 2023 mehr als verdoppelt (+112,3 %) ecomento.de"
afd171fe-d6d1-436f-85c1-5fd3b9596ba8,2023-04-12 09:19:15+00:00,Plug-in-Hybrid BMW XM Label Red ist stärkster M aller Zeiten ecomento.de
f4453de9-b5ff-4a76-861d-e0c88055b9ff,2023-04-12 11:25:00+00:00,"Startseite Wirtschaft Audi, BMW, Mercedes – Experte warnt: Diese chinesische Zwangsarbeit steckt im Auto Ohne Menschenrechtsverletzungen lassen sich in China kaum Autos bauen. Auch westliche Hersteller sind davon direkt betroffen. Eine Studie aus Großbritannien zeigt, welche Hersteller Fahrzeugteile in ihren Lieferketten haben, die mithilfe von Zwangsarbeit oder durch Insassen von Internierungs- und Umerziehungslagern gefertigt wurden. Diese Analyse liegt IPPEN.MEDIA im Zuge einer Kooperation mit dem Europe.Table Professional Briefing vor – zuerst veröffentlicht hatte ihn China.Table am 05. April 2023 Wer in China Autos baut oder Teile für seine Fabriken bezieht, kommt höchstwahrscheinlich in Kontakt mit Zwangsarbeit. Die Studie „Driving Force – Automotive Supply Chains and Forced Labor in the Uyghur Region“ hat die chinesischen Firmen benannt, die von Zwangsarbeit profitieren, und die Lieferketten zu den westlichen Automarken nachgezeichnet. Dass der globale Automarkt ohne China nicht mehr vorstellbar ist, liegt vor allem an Rohstoffen, Grundmaterialien und einzelnen Teilen – also Kupfer, Stahl, Aluminium oder Batterien. Die Produktion dieser Teile ist arbeits- und energieintensiv. Ein Problem, das auch die chinesische Regierung erkannt hat. Ihre Lösung war es, die Weiterverarbeitung nach Xinjiang zu verlegen. Obwohl dort kaum Bergbau stattfindet, ist die Uiguren-Region der drittgrößte Standort für die Verarbeitung von Buntmetallen – also Metallen, die kein Eisen enthalten, wie etwa Kupfer, Blei und Zink. Der Newsletter von Table.Media Erhalten Sie 30 Tage kostenlos Zugang zu weiteren exklusiven Informationen der Table.Media Professional Briefings – das Entscheidende für die Entscheidenden in Wirtschaft, Wissenschaft, Politik, Verwaltung und NGOs. Xinjiang wurde Auto-Cluster Diese Entwicklung begann im Jahr 2014, als die Wirtschaftskommission der Uiguren-Region beschloss, „Xinjiang zu einem wichtigen und westwärts orientierten Standort für die Automobilherstellung auszubauen“. Da die Region abgelegen ist, schuf die Regierung Anreize für die Unternehmen wie Mietfreiheit, subventionierte Versorgung oder Infrastrukturmaßnahmen. Die regionale Hauptstadt Ürümqi präsentierte insgesamt 87 Vergünstigungen. Die versprochenen niedrigen Lohnkosten kommen der Studie zufolge auch durch Zwangsarbeit der uigurischen Bevölkerung zustande. Die findet in vier Formen statt: Gefangenenarbeit: Insassen müssen Pflichtarbeit leisten, meist im Baumwollanbau. Internierungslager: Uigurische Bürger müssen im Lager selbst oder in benachbarten Unternehmen Zwangsarbeit verrichten. Arbeitsversetzung: Über staatliche Arbeitsvermittler zwingt die Regierung Uiguren dazu, auf Bauernhöfen und in Fabriken im ganzen Land zu arbeiten. Staatliche Einberufung: Sogenannte „Überschussarbeitskräfte“ – meist ärmere Menschen vom Land – werden zur saisonalen Zwangsarbeit verpflichtet. Wie die Zwangsarbeit ins Auto kommt Ein Auto besteht aus bis zu 30.000 Teilen. Betrachtet man alle Stufen der Wertschöpfung und der Lieferketten, sind laut der Unternehmensberatung McKinsey bis zu 18.000 Firmen beteiligt. „Hersteller haben angegeben, dass eine gründliche Rückverfolgung der Lieferkette unmöglich ist, und dass das Verständnis der Situation in der uigurischen Region eine Herausforderung darstellt“, heißt es in der Studie. Sie möchte deswegen als Ausgangspunkt dienen, um die am stärksten gefährdeten Teile und Materialien zu identifizieren. Aluminium: Im Jahr 2021 wurden weltweit 67 Millionen Tonnen Aluminium produziert – 39 Millionen davon in China, acht Millionen in Xinjiang. Das bedeutet, dass 12 Prozent des Weltbedarfs aus der Uiguren-Region kommen. Insgesamt acht global agierende Aluminiumhersteller produzieren dort, darunter Joinworld. Das Unternehmen gilt führend in der Produktion von hochreinem Aluminium. Die Studie führt einige Programme zur Beschaffung von Arbeitskräften auf, an denen Joinworld beteiligt ist. Darunter auch die staatlichen Arbeitsversetzungen. Die Marketingabteilung von Joinworld listet BMW als Abnehmer ihrer Motorblöcke auf. Darüber hinaus ist das Unternehmen Lieferant für die Jingwei Group, die ihre Teile für Bremsen und Kupplungen unter anderem an VW, Ford und Beijing Benz verkauft. Stahl: In einem durchschnittlichen Pkw stecken rund 800 Kilogramm Stahl – vor allem im Rahmen, dem Fahrwerk und im Antriebsstrang. Der weltweit größte Produzent ist die staatliche Baowu Group. Ihre Niederlassung in der Uiguren-Region heißt Xinjiang Bayi Iron and Steel. Das Unternehmen selbst und örtliche Staatsmedien haben über tausende erzwungene Arbeitsversetzungen berichtet. Dazu kommen 4.581 Arbeitende aus lokalen Minderheiten, denen die Firma Han-Chinesen als neue „Verwandte“ zugeordnet hat. Dieses sogenannte Pairing ist eine Maßnahme, mit der die Kultur der Uiguren unterdrückt und ihre Assimilation vorangetrieben werden soll. Zu den Kunden von Baowu gehören Mitsubishi, General Motors und Toyota. Darüber hinaus existiert das Joint Venture Tailor Welded Blanks, über das Baowu Stahl an VW, Ford und Fiat verkauft. Gummi für Michelin und Pirelli Kupfer: Kupfer dient in Autos als Rostschutz, elektromechanische Steckverbindung und zur Verkabelung von ABS und Bremssensoren. Da Elektroautos mehr Kupfer benötigen, schätzen Experten, dass der Verbrauch bis zum Jahr 2030 um rund 250 Prozent steigen wird. China selbst hat nur wenige Kupferminen (neun Prozent des Weltmarktes), übernimmt aber 41 Prozent der Weiterverarbeitung. Das macht unter anderem der staatseigene Konzern Xinjiang Nonferrous, der in der Region mehrere Tochterfirmen hält. Der Konzern hat sich an diversen Programmen beteiligt, bei denen Uiguren ihr Land weggenommen und traditionelle Häuser abgerissen wurden. Projekte zur Arbeitsversetzung und Umschulung von Minderheiten, bei denen auch Gewalt angewandt wurde, wurden hier häufig zuerst implementiert. Über Tochterunternehmen und Beteiligungen an Großhändlern gelangen die Produkte von Nonferrous auf den Weltmarkt. Reifen: Die Dushanzi Petrochemical Company (Tochter von PetroChina) stellt synthetisches Gummi her. Das Unternehmen nimmt einerseits an Pairing-Programmen teil und profitiert von der zwangsweisen Versetzung ärmerer Menschen, die dadurch in landwirtschaftlichen Betrieben arbeiten können sollen. Zur „Armutsbekämpfung“ schickt der Konzern außerdem „überschüssige Arbeitskräfte“ zur Arbeit auf Ölfeldern. Staatsmedien berichten, dass unter anderem Bridgestone, Michelin, Pirelli und Kumho die Produkte der Dushanzi Petrochemical Company kaufen. Batterien: China hat im Automobilbereich eine führende Rolle in der Batterieproduktion. Dabei geht es nicht nur um Lithium-Ionen-Akkus für Elektroautos, sondern auch um Bleisäure-Batterien für gewöhnliche Verbrenner. Zu den größten Herstellern gehört die Camel Group. Sie hat an einem Drei-Jahres-Plan für den organisierten Transfer von städtischen und ländlichen „Überschussarbeitskräften“ teilgenommen. Die Menschen mussten ein „geschlossenes Job-Training“ durchlaufen, in dem es auch zu einer ideologischen Umerziehung kam. Die Camel Group wirbt damit, ihre Batterien an VW, Ford, Audi, General Motors, Honda, Nissan, Jeep, Hyundai, Kia, Peugeot und Citroën zu verkaufen. Komponenten für Audi, BMW und Daimler Elektronik: Untersuchungen haben ergeben, dass allein zwischen 2017 und 2019 mindestens 80.000 Uiguren und andere Minderheiten aus ihren Heimatgemeinden in Fabriken in anderen Teilen Chinas verschleppt wurden, um in der Elektronikindustrie zu arbeiten. Die US-Regierung nannte im Juli 2021 den „unfreiwilligen Transfer“ für die Automobil- und Elektronikbranche besorgniserregend. Diese Transfers nutzte unter anderem Ningbo Joyson Electronics. Die Firma hat ihren Hauptsitz in der Provinz Zhejiang südlich von Shanghai. Sie stellt Kfz-Zentralsteuerungssysteme her und verkauft über eine Tochterfirma (Joyson Automotive Safety Systems) Airbags, Sicherheitsgurte, Lenkräder und die dazugehörigen Komponenten. Als Kunden listet das Unternehmen auf seiner Firmenhomepage unter anderem Audi, Bentley, BMW, Daimler, Ferrari, Volkswagen, Land Rover, Porsche und Tesla auf. Dazu kommen viele weitere westliche Automobilhersteller. Innenraum: Die Xinjiang Guanghui Group stellt unter anderem Polsterungen für Sitze und Fußmatten her. Der Konzern hat außerdem diverse Tochterunternehmen, die Elektronikteile für den Innenraum produzieren. Der Konzern hat einen Industriekomplex errichtet, in dem ärmere Menschen Arbeit finden sollen. Die Menschen stammen aus ländlichen Gegenden, sind allesamt Minderheiten und mitunter im benachbarten Internierungslager untergebracht. Tatsächlich ist unklar, an wen die Produkte geliefert werden. Aufgrund der Ausmaße der Arbeitstransfers und der räumlichen Nähe zu großen Lieferanten besteht laut der Studie aber ein „hohes Risiko“, dass sich die Teile des Unternehmens auch in westlichen Fahrzeugen finden. Von Christian Domke Seidel"
e50c4a77-39a8-4f1c-a99e-8371d0fe39eb,2023-04-13 10:05:56+00:00,"Die KfZ-Innung Oberpfalz freut sich über ein neues Fahrzeug für innovativen Unterricht auf dem neuesten Stand der Technik: Das BMW Group Werk Regensburg hat am Donnerstag einen BMW X3 xDrive* an die KfZ-Innung mit Sitz in Regensburg übergeben. Das allradgetriebene Fahrzeug mit Plug-In Hybrid soll in dem der Innung angeschlossenen Berufsbildungszentrum für Aus- und Weiterbildungszwecke eingesetzt werden. Überreicht wurde das Fahrzeug durch Saskia Graser (kommissarische Leiterin der Kommunikation der BMW Group Werke Regensburg und Wackersdorf) und Detlef Hertwig (Geschäftsführer des Autohauses Hofmann, verantwortlich auch für den Standort Regensburg). Rudolf Angerer (Vorstandsvorsitzender der KfZ-Innung) nahm das Fahrzeug entgegen. „Als einer der größten Arbeitgeber in der Oberpfalz übernehmen wir Verantwortung für die Aus- und Weiterbildung der Menschen in der Region“, sagte Saskia Graser im Rahmen der Übergabe. „Zugleich profitieren wir als Unternehmen von einer hervorragenden Aus- und Weiterbildung auf dem aktuellen Stand der Technik.“ Rudolf Angerer bedankte sich im Namen der KfZ-Innung für die Fahrzeugüberlassung. „Sowohl für die Ausbildung im Bereich Kraftfahrzeugtechnik als auch für alle anderen handwerklichen Berufe ist es entscheidend, die modernsten technischen Entwicklungen zu kennen und sich damit aktiv auseinanderzusetzen. Die Fahrzeugspende der BMW Group unterstützt uns, auch weiterhin die hohe Qualität unseres Unterrichts sicherzustellen.“"
c9a6ccef-36b3-44df-967c-bed4b4da8c8b,2023-04-13 12:45:48+00:00,"""Die BMW Group ist auf Kurs, ein leichtes Wachstum im Gesamtjahr 2023 zu erzielen"", sagte Vertriebschef Pieter Nota bei der Vorstellung der Zahlen für das erste Quartal. Als Wachstumstreiber sieht er die vollelektrischen Fahrzeuge sowie hochpreisige Wagen wie den 7er, X7 und die Fahrzeuge der Tochterfirma Rolls-Royce. Zwar stagnieren die Gesamtverkaufszahlen des Konzerns, allerdings steigt der Absatz von E-Autos: Mit fast 56 000 Stromern hat BMW mehr als doppelt so viele wie im Vorjahresquartal verkauft. Besonders beliebt sei die Mittelklasse-Limousine i4, die seit Herbst 2021 auch im Stammwerk in München zusammengebaut wird. Ende 2020 hatte der Konzern mitgeteilt, dass dort künftig keine Verbrennungsmotoren mehr eingebaut würden. Das Gewerbegelände soll sukzessive zu einem modernen Produktionscampus umgebaut werden. Hierzu befindet sich das Unternehmen in regelmäßigen Absprachen mit dem städtischen Referat für Stadtplanung und Bauordnung, um einen sogenannten Masterplan zu entwickeln. Dieser soll voraussichtlich Anfang 2024 in den Münchner Stadtrat eingebracht werden. ""Transformation"" und ""Wandel"" nennen sie das in den oberen Etagen bei BMW. Unten, in den Hallen für Motoren- und Karosseriebau, heißt das konkret: Auszug und Abriss. Bis Ende des Jahres wird der Motorenbau komplett ins österreichische Steyr und das Werk Hams Hall in England verlagert. ""Teilgebäude des Motorenbaus werden bereits ab Mitte des Jahres zurückgebaut"", sagt BMW-Sprecher Jochen Diernberger. In den kommenden Jahren würde dort ein ""hochmodernes und nachhaltiges Montage- und Logistikgebäude"" entstehen. Die Motorenbauer wurden umgeschult Wo nicht mehr an Motoren geschraubt wird, braucht es auch weniger Motorenbauer. Derzeit würden zwar noch V8-Motoren in München produziert, ein Großteil der Mitarbeiter sei aber umgeschult worden und in anderen Bereichen des Unternehmens tätig. Immerhin um die 1700 Mitarbeiter und Mitarbeiterinnen haben in der Vergangenheit dort gearbeitet. Auf den Motorenbau am Stammwerk war BMW immer stolz, bezeichnete ihn als ""Kernkompetenz der BMW Group"". Mit dem Strukturwandel in der Autoindustrie hat sich der Schwerpunkt verlagert. ""E-Mobilität hat für uns Priorität"", sagte Vorstandsvorsitzender Oliver Zipse bei der BMW-Jahreskonferenz im März."
81df66a6-540c-4da7-827c-3bcff1cc31ee,2023-04-13 19:39:40+00:00,"Regensburg, 13. April 2023. Die KfZ-Innung Oberpfalz freut sich über ein neues Fahrzeug für innovativen Unterricht auf dem neuesten Stand der Technik: Das BMW Group Werk Regensburg hat am Donnerstag einen BMW X3 xDrive* an die KfZ-Innung mit Sitz in Regensburg übergeben. Das allradgetriebene Fahrzeug mit Plug-In Hybrid soll in dem der Innung angeschlossenen Berufsbildungszentrum für Aus- und Weiterbildungszwecke eingesetzt werden. Überreicht wurde das Fahrzeug durch Saskia Graser (kommissarische Leiterin der Kommunikation der BMW Group Werke Regensburg und Wackersdorf) und Detlef Hertwig (Geschäftsführer des Autohauses Hofmann, verantwortlich auch für den Standort Regensburg). Rudolf Angerer (Vorstandsvorsitzender der KfZ-Innung) nahm das Fahrzeug entgegen. „Als einer der größten Arbeitgeber in der Oberpfalz übernehmen wir Verantwortung für die Aus- und Weiterbildung der Menschen in der Region“, sagte Saskia Graser im Rahmen der Übergabe. „Zugleich profitieren wir als Unternehmen von einer hervorragenden Aus- und Weiterbildung auf dem aktuellen Stand der Technik.“ Rudolf Angerer bedankte sich im Namen der KfZ-Innung für die Fahrzeugüberlassung. „Sowohl für die Ausbildung im Bereich Kraftfahrzeugtechnik als auch für alle anderen handwerklichen Berufe ist es entscheidend, die modernsten technischen Entwicklungen zu kennen und sich damit aktiv auseinanderzusetzen. Die Fahrzeugspende der BMW Group unterstützt uns, auch weiterhin die hohe Qualität unseres Unterrichts sicherzustellen.“"
8aed69f9-57e2-4358-9d4a-999fa0f0c98c,2023-04-14 06:22:00+00:00,"Es ist eine Weile her BMW präsentierte das stärkste Serienauto der Firmengeschichte. XM-Etikett Rot wird mit all seinen sein 749 KM erstmals im Rampenlicht des kommenden Automobilsalons Auto Shanghai 2023. Mit XM Label Red erregten die Bayern erneut viel Aufmerksamkeit. Wir wissen, dass sie gut polarisieren können. Aber das ist noch nicht alles, was an der neu ist M-Super-SUV Bayerisches Unternehmen. Offenbar ist ein neuer unterwegs Eintrag XM nämlich XM50e, der unterhalb der aktuellen beiden Versionen mit V8-Motor platziert wird. Das neue Trailer-Video zeigt dieses Modell nun aus allen möglichen Blickwinkeln. Ansonsten ist es nicht verwunderlich, dass es am stärkeren liegt Rotes XM-Etikett Dieser 37-Sekunden-Clip flog unter dem Radar. Es wird darin gezeigt XM50e in einer Farbe, die dem Gelb des Namens sehr ähnlich ist Sao Paulo. Als Kontrast dazu stehen große Teile der Frontpartie, Räder, Kotflügel und Seitenschweller schwarz lackiert. Aber Aussehen, egal wie attraktiv, macht in diesem Fall keine Schlagzeilen. Er kümmert sich mehr darum neues Laufwerk. Wir vermuten stark, dass dies der Fall sein wird 50e empfangen Reihensechszylinder mit elektrischer Unterstützung. Bis zu diesem Moment ist nicht viel darüber bekannt. BMW es gibt nur die elektrische reichweite an 76 bis 84 Kilometer nach WLTP. Gerüchten zufolge soll sich der XM50e das Laufwerk mit teilen M760e. Wenn dies wahr wäre, würden wir uns damit befassen 3,0-Liter-Turbobenziner mit sechs Zylindernwas produziert 380 KM in 520 Nm des Drehmoments. Beim Plug-in-Hybrid Reihe 7 Unterstützt wird dies durch den Performance-Elektromotor 197 KM. Systemleistung ist 571 KM in 800 Nm. Leistungsdaten XM50e sie sollten sehr ähnlich sein. Wann sehen wir das Debüt dieses elektrifizierten Sechszylinder-V BMW-XMDas verraten die Bayern in ihrem Trailer nicht. Wir können uns aber vorstellen, dass es daneben angezeigt wird Rotes XM-Etikett nächste woche rein Shanghai."
9db9796c-7a4a-4219-be72-553983b04a67,2023-04-14 10:47:46+00:00,"Im Hintergrund dröhnt es laut. Der Fahrtwind, die Reifengeräusche auf dem Asphalt. Sophia Calate ist auf dem Weg nach Österreich, zum ""Schneedriften"". In einem BMW M 240i, getunt von AC Schnitzer. Das Unternehmen aus Aachen hat sich seit 1987 auf die Fahrzeuge des bayerischen Herstellers und seiner Tochter-Unternehmen spezialisiert, das Grollen des Motors ist beim Gespräch mit Calate immer wieder zu hören. Die 28-Jährige ist Influencerin, ""Supercar-Influencerin"", um genau zu sein. ""Ich stelle Content auf Social Media online. Mit Fahrzeugen"", fasst sie es trocken zusammen. Die Realität sieht spektakulärer aus. Sophia Calate fährt die teuersten und schnellsten Autos der Welt. In einem Video driftet sie in einer Corvette um einen Weihnachtsbaum. Im nächsten jettet sie nach Monaco und cruist im Lamborghini. In einem ihrer erfolgreichsten Clips gerät sie mit ihrem Opa in eine Polizeikontrolle. Die Beamten wollen sehen, wer im McLaren sitzt."
226dbcbf-02c6-4d89-99d3-f75c39f986e2,2023-04-14 18:02:17+00:00,"Kaum ein Thema bewegte die Deutschen in den vergangenen Monaten so sehr wie das eigene Auto. E-Fuels, das Beinahe-Aus für den Verbrennungsmotor und die Suche nach Lithium, das für die Herstellung von E-Autos notwendig ist, dominierten die Medien. Die hitzigen Diskussionen sind auch am Ranking der medienwirksamsten Manager nicht vorbeigegangen. Mit Oliver Blume (VW und Porsche), Oliver Zipse (BMW) und Ola Källenius (Mercedes-Benz) befinden sich gleich drei Automobilmanager unter den fünf präsentesten CEOs."
08945431-9b2e-4c44-9d52-36bd64339907,2023-04-15 14:04:00+00:00,"Startseite Wirtschaft BMW-Vertriebschef Nota: „BMWs kann man bald vom Sofa aus kaufen“ Von: Andreas Höß BMW will den Verkauf seiner Fahrzeuge komplett umbauen: In Zukunft können Kunden ihre Wunschautos auch online kaufen. Warum? München – Einen passenden Neuwagen individuell konfigurieren: Das machen die meisten Autokäufer längst im Internet. BMW will nun, dass man das Auto dort dann direkt kaufen kann – ohne Gang zum Händler, allerdings auch ohne Rabatt. Dieser Direktvertrieb über das Netz, den Tesla seit Jahren praktiziert, soll bei der BMW-Tochter Mini schon 2024 starten, bei BMW ab 2026. Doch was bedeutet das für Kunden? Und was für Händler? Und wieso geht BMW diesen Weg? Das erklärt BMW-Vertriebschef Pieter Nota. Herr Nota, BMW will seine Autos bald direkt über das Internet verkaufen. Wie läuft das künftig, wenn man sich einen BMW kauft? Bisher musste man für einen Autokauf immer zum Händler gehen. Das wird sich ändern. Bald kann man sich abends gemütlich auf sein Sofa setzen, ein Auto konfigurieren und es direkt von zu Hause aus bestellen. Das heißt, der Händler wird dann überflüssig? Nein, nicht jeder Kunde möchte sein Auto im Internet kaufen. Deshalb kann man parallel weiter über den Händler bestellen oder ihn bei bestimmten Schritten einbeziehen. Wir bieten mit dem Direktvertrieb künftig beide Möglichkeiten an. Wie muss man sich das genau vorstellen? Man wird zum Beispiel das Auto online konfigurieren und seine Konfiguration an einen Händler schicken können, der den Kunden gezielt berät. Danach kann man noch gemeinsam Änderungen durchführen. Die meisten Kunden wollen das Auto außerdem mindestens einmal sehen und fahren, was weiter über unsere Handelspartner möglich sein wird. Spätestens bei der Auslieferung tritt der Kunde mit dem Händler aber in Kontakt. Deshalb muss er beim Direktkauf im Netz am Ende der Bestellung einen BMW-Händler angeben, bei dem er sein Auto abholen möchte. Über diesen wird dann bestellt. Der Kunde hat also die Wahl, wie weit er den Händler einbezieht. Wir erwarten, dass in naher Zukunft ein Viertel unserer Fahrzeuge direkt über das Internet gekauft werden. Es bleibt also ein Händler zwischengeschaltet? Ja. Dieser Händler bekommt auch die Provision für das verkaufte Auto. Wie hoch werden diese Provisionen denn sein? Das ist eine Sache zwischen uns und den Händlern, die wir nicht öffentlich kommentieren wollen. Aber sie ist so hoch, dass die Händler gut damit leben können. Sie haben von uns auch weiter den Auftrag, ihr Gebiet zu betreuen und vor Ort Autos zu verkaufen. Je mehr, desto besser verdienen sie auch. Bisher ging man auch deshalb zum Händler, weil man dort den Preis für sein Auto aushandeln konnte. Bleibt das so? Es wird kein Feilschen beim Händler mehr geben. Künftig werden alle Kunden den gleichen Preis für den gleichen BMW bezahlen. Meinen Sie nicht, dass das viele Kunden ärgern wird? Das glaube ich gar nicht. Natürlich gibt es immer Leute, die gerne verhandeln. Aus Umfragen wissen wir aber, dass die große Mehrheit der Kunden das Feilschen gar nicht mag. Sie haben nach dem Kauf das schlechte Gefühl, dass der Nachbar einen besseren Preis bekommen hat. Das wird entfallen, denn jeder Kunde bekommt das gleiche Produkt zum gleichen Preis. Wir finden, dass sich das für ein Premiumprodukt auch so gehört. Jeder zahlt also immer den Listenpreis? Wird der Kauf eines BMW für Kunden damit teurer? Nicht unbedingt. Wir werden wettbewerbsfähige Preise setzen. Außerdem sind Preise ja nicht auf ewig fixiert. Sie können sich je nach Marktlage ändern. Heißt das, die Listenpreise werden künftig sinken? Bisher ist da doch sicher noch eine Marge für den Händler eingebaut, oder? Ich kann heute noch nicht sagen, wie wir die Produkte ab 2024 beziehungsweise 2026 einpreisen werden. Uns geht es übrigens auch nicht um Einsparungen oder Zusatzeinnahmen, sondern darum, das beste Kundenerlebnis der Industrie zu bieten. 2026 starten sie bei BMW mit dem Direktvertrieb, 2024 bei MINI. Das ist in acht Monaten. Wie laufen die Vorbereitungen? Wir sind bei Mini mitten in der Testphase und gut gerüstet, um im Januar 2024 mit den ersten Märkten in Europa zu starten. Wir haben zudem in China bereits am 1. März auf einen Direktvertrieb für Mini umgestellt. Das funktioniert dort auch gut. Wo wird es keinen Direktvertrieb geben? Zum Beispiel in den USA, das hat rechtliche Gründe. Haben Sie sich den Internetvertrieb eigentlich von Tesla abgeschaut? Tesla hat anders als wir kaum Händler und viel weniger individuelle Ausstattungsoptionen bei seinen Fahrzeugen. Deshalb wird sich BMW mit unserem weiter auf Beratung und Individualisierung ausgerichteten Modell positiv von Tesla unterscheiden. Wie reagieren die Händler auf die Umstellung? Wir gehen diesen Weg seit einem Jahr gemeinsam und haben unsere Partner von Anfang an mit einbezogen. Das hat sich ausgezahlt, denn die Händler unterstützen das auf breiter Fläche. Für den Händler bieten wir ein attraktives Geschäftsmodell. Die Provision haben wir sehr sorgfältig kalkuliert. Der Händler minimiert zudem seine Risiken, er muss keine Fahrzeuge mehr auf eigene Kosten vorhalten. Das Servicegeschäft wird bleiben wie bisher. Der Service ist eine wichtige Einnahmequelle für die Händler. Aber auch sie könnte zurückgehen, weil E-Autos weniger Wartung brauchen, oder? E-Autos sind komplexer, weshalb die Kunden nicht nach wenigen Jahren zu freien Werkstätten wechseln sondern unserer Erfahrung nach weiter zum Vertragshändler kommen. Was passiert denn mit den Daten, die Kunden beim Kauf im Netz hinterlassen? Die Daten gehören erstmal dem Kunden und der Kunde kann bestimmen, was damit passiert. Der Kunde hat durch das Teilen bestimmter Daten aber auch viele Vorteile. Wir können ihn zum Beispiel auch kontaktieren, wenn ein Service ansteht und somit Problemen vorbeugen. Und wir als Hersteller stellen sicher, dass der Datenschutz und die Datensicherheit gewährleistet wird."
8a062287-3ae2-4d60-a0c0-09ebca63cf81,2023-04-19 04:31:16+00:00,"Bundeskanzler Karl Nehammer, besuchte am 18. April gemeinsam mit Landeshauptmann Thomas Stelzer das BMW Produktionswerk in Steyr. STEYR. Das Werk in Steyr beschäftigt derzeit 4.500 Mitarbeiter. Produziert werden sowohl Benzin- als auch Dieselmotoren. Um den Stand der Beschäftigen halten zu können, ist es unumgänglich auch das Thema E-Motoren weiter anzukurbeln. Erweiterte Produktpalette Bereits im Sommer 2022 verkündete die BMW Group, dass ab 2025 in Steyr E-Antriebe entwickelt und produziert werden – damit erweitert das Werk seine Produktpalette. Bis 2030 investiert das Unternehmen dafür rund eine Milliarde Euro in den oberösterreichischen Standort. Bauarbeiten gehen zügig voran Aktuell werden neue Hallen gebaut, sowie Maschinen und Anlagen gekauft. Davon konnten sich am Dienstag Bundeskanzler Nehammer, Landeshauptmann Stelzer und ein Großaufgebot der Medien überzeugen. Kein Denkverbot „300.000 Mitarbeiter sind in Österreich in der Automobil-Produktion tätig. Aufgrund dieser Zahlen muss der Standort gesichert bleiben, es darf kein Denkverbot geben. Österreich ist ein Autoland daher gibt es in dieser Frage kein Entweder- oder“, so der Kanzler. Unter den Top 50 „Oberösterreich ist auf der Überholspur und erreicht trotz schwieriger internationaler Rahmenbedingungen erstmals die Top 50 der wettbewerbsfähigsten Regionen Europas. Der Automotive-Bereich spielt dabei eine entscheidende Rolle. Die Mobilität der Zukunft stellt uns vor viele Herausforderungen, denen wir uns technologieoffen stellen wollen. Verbote alleine werden uns und auch den Klimaschutz nicht weiterbringen“, erklärt Landeshauptmann Thomas Stelzer."
270f1836-f532-4cb3-bd13-9fbddb44bda2,2023-04-19 14:06:53+00:00,"Das Palmöl in der Nussnugatcreme, die Kaffeebohne im Cappucino, der Ledersitz im neuen SUV, das Dry-Aged Beef auf Südamerika: Der Konsum der EU ist mit der Grund, warum weltweit massenhaft Wald gerodet wird - und das soll sich nach dem Willen der EU-Kommission ändern. Ähnlich wie beim Lieferkettengesetz nimmt die EU künftig die Importeure in die Verantwortung. Mitte April tritt das Gesetz in Kraft; dann haben die Unternehmen eineinhalb Jahre Zeit, die Vorgaben umzusetzen. Zum Artikel: Geringer CO2-Abdruck: Nachhaltiger Urlaub liegt im Trend Nachweispflicht ab 2025 Händler müssen also ab spätestens 2025 dokumentieren, wo Importwaren wie Kaffee, Leder, Soja, Fleisch, Kautschuk oder Holz herkommen. Beginnend bei der Quelle, also beim Anbau, muss nachgewiesen werden, dass für das Produkt kein Baum gefällt wurde. Lob bekommt die EU dafür von der Umweltorganisation WWF: ""Diese Verordnung ist schon ein Quantensprung im Ansatz"", urteilt Susanne Winter, Programmleiterin Wald beim WWF. ""Das ist eine sehr faire Spielregel für alle: Alle Händler müssen beweisen, dass ihre Rohstoffe nicht mehr mit der Entwaldung in diesen Ländern verbunden ist."" EU ist Vizeweltmeister bei der Waldzerstörung Wälder sind unbestritten die Lunge der Welt. Sie sind ein entscheidender Faktor im Kampf gegen die Klimakrise. Egal ob hier oder anderswo, Waldschutz ist überlebenswichtig. Auch auf der Suche nach Bodenschätzen wie Eisen, Aluminium oder Gold werden Wälder vernichtet. Und die EU ist laut WWF sogar Vizeweltmeister der Waldzerstörung: 16 Prozent der globalen Entwaldung gehen auf das Konto der EU-Konsumenten, nur China ist noch schlimmer. Wenige Firmen achten bisher auf waldschonende Lieferketten Bisher achten nur wenige Produzenten auf waldschonende Lieferketten. Und selbst ""Bio"" ist bisher keine Garantie, dass für den Anbau der Produkte nicht Wald gefällt wurde. Das Entwaldungsgesetz der EU bringe endlich Gleichheit für alle, sagt Barbara Altmann, auch bei den Kosten. Sie ist beim Bio-Lebensmittelhersteller Rapunzel aus dem schwäbischen Legau schon seit 13 Jahren für die Rohstoffsicherung zuständig. Vor Ort trifft sie sich mit den Produzenten und überprüft die gesamte Lieferkette, sucht aber gemeinsam mit ihnen auch nach Alternativen zur Waldrodung; zum Beispiel auf der selben Fläche verschiedene Kulturen anzubauen, die sowohl auf dem lokalen Markt abgesetzt werden können, dann aber auch in den Export gehen. Lederherkunft oft ohne Nachweis Für Umweltverbände ist das Gesetz aber erst der Anfang. Sie fordern, dass noch weitere Naturräume einbezogen werden müssen. Die Deutsche Umwelthilfe (DUH) hat aufgezeigt, wie Unternehmen wie BMW, Daimler, VW und auch Adidas problematisches Leder einsetzen: Erst kommt die Brandrodung, dann die Rinder. Das Rindfleisch und die Häute der Rinder werden im Anschluss verarbeitet. Die Häute werden gegerbt und dann für Turnschuhe oder Autositze verwendet. Umwelthilfe setzt große Hoffnungen auf das EU-Gesetz Sascha Müller-Kraenner ist Bundesgeschäftsführer der Deutschen Umwelthilfe. Viele Hersteller kennen ihre Lieferketten gar nicht, sagt er: ""Adidas konnte letztlich gar nicht sagen, wo ihr Leder herkommt. Wir wissen aber, dass sie Geschäfte machen mit einem der größten Waldverbrecher in Brasilien."" Durch das Gesetz, so hofft die DUH, wird der Sportartikelhersteller jetzt zum Handeln gezwungen, für saubere Lieferketten zu sorgen. Auch in der Automobilindustrie sei es nicht besser, so Müller-Kraenner: Sowohl in Brasilien als auch in Paraguay sei die Rinderzucht ein zentraler Verursacher der Entwaldung, ""und da ist sich die Automobilindustrie - gerade die deutsche mit ihren Luxuslimousinen, in denen oft auch Ledersitze verbaut sind - ihrer Verantwortung überhaupt nicht bewusst."" Autobauer wehren sich gegen Vorwürfe Nachgefragt bei den großen Autobauern ergibt sich ein anderes Bild. Mercedes teilt zu diesen Vorwürfen schriftlich mit: ""Wir haben (…) uns klar gegen jede Form der illegalen Abholzung positioniert."" Und BMW sagt: ""Bereits seit 2014 sind alle direkten Lieferanten der BMW Group vertraglich verpflichtet, Menschenrechte sowie erweiterte Umwelt- und Sozialstandards einzuhalten."" Also alles kein Problem? Ist das Gesetz überflüssig? Sascha Müller-Kraenner freut sich über die guten Vorsätze, bleibt aber nicht nur bei den Autobauern skeptisch: ""Gerade deswegen brauchen wir eine gesetzliche Regelung, dass es nicht nur bei frommen Wünschen bleibt, sondern hier gehandelt werden muss, kontrolliert wird, und bestraft wird, wenn sich die Unternehmen an diese Vorsätze nicht halten."" Finanzsektor ist außen vor Denn die besten Regeln nützen nichts, wenn sie nicht umgesetzt werden. Umweltverbände fordern eine deutliche Verstärkung der Kontrollbehörden und Nachbesserungen: Nicht nur weitere wertvolle Naturräume gehören in die Verordnung, sondern auch noch mehr Produkte wie Geflügel und Mais. Auch der Finanzsektor, der legale und illegale Rodungen finanziert, sollte mit aufgenommen werden. Und dann ist die EU im besten Fall ein Vorbild für andere Staaten. Nachahmer gibt es bereits: Die USA und Großbritannien entwickeln gerade ähnliche Gesetze. Das sagt Delara Burkhardt, die im EU-Parlament das Gesetz mit auf den Weg gebracht hat. Dieser Artikel ist erstmals am 3. Februar 2023 auf BR24 erschienen. Das Thema ist weiterhin aktuell. Daher haben wir diesen Artikel erneut publiziert."
fbf17d77-4880-40ed-a8e6-0875c87178a8,2023-04-24 10:00:39+00:00,"24.04.2023 BMW hat angekündigt, dass der Digital Key Plus ab sofort auch für Android-Smartphones verfügbar ist. Kunden mit kompatiblen Samsung- oder Google-Geräten können ihr BMW-Fahrzeug jetzt ohne physischen Schlüssel öffnen, schließen und starten, indem sie ihr Smartphone einfach bei sich tragen. Die erweiterte Funktionalität wird durch die Ultra-Wideband-Technologie (UWB) ermöglicht, die für präzise Lokalisierung und hohe Sicherheit sorgt. © BMW Digitaler Schlüssel kann geteilt werden Bisher war der Digital Key Plus nur für Apple-Geräte verfügbar, aber die BMW Group hat sich zum Ziel gesetzt, den digitalen Fahrzeugzugang für alle Kunden anzubieten, unabhängig vom Betriebssystem ihres Smartphones. Das Unternehmen plant, den vollen Funktionsumfang des Komfortzugangs auch für Android-Geräte anzubieten, um eine gleiche Funktionalität für alle Plattformen zu gewährleisten. Die Android-Kompatibilität steht in Digital Key Plus-fähigen Fahrzeugen seit November 2022 ab Werk zur Verfügung. Vor November 2022 produzierte, Digital Key Plus-fähige Fahrzeuge können ebenfalls mit einem Remote Software Upgrade befähigt werden. Im Dezember 2022 brachte die BMW Group auch eine neue Ausbaustufe des Digital Key auf den Markt, die das sichere Teilen des digitalen Schlüssels zwischen iPhone und kompatiblen Android-Geräten ermöglicht. Sportliche Neuwagen gesucht? Bei MeinAuto.de findest Du die besten Modelle immer zum Top-Preis! Mit unserem Konfigurator hast Du die Möglichkeit, Dir die Ausstattung Deines Lieblingswagens selbst zusammenzustellen. Überzeuge Dich auch von unseren attraktiven Finanzierungs- und Leasingangeboten und spare noch heute bares Geld! Mit uns kommst Du schnell & bequem zum Neuwagen"
ba066978-67b7-4fc4-8b05-abee491b34ea,2023-04-24 14:00:00+00:00,"Zur Ausgabe Artikel 6 / 46 Edzard Overbeeks Scheitern Warum der Chef des Kartendienstes Here hinwirft Der einst mit Milliarden gepushte Kartendienst der Autobauer steckt in der Krise. Nun verlässt auch Chef Edzard Overbeek das Unternehmen. Audi, Mercedes und BMW fehlt ein Plan für ihre Beteiligung. Von Jonas Rest 27.04.2023, 12.00 Uhr • aus manager magazin 5/2023 Sie können den Artikel leider nicht mehr aufrufen. Der Link, der Ihnen geschickt wurde, ist entweder älter als 30 Tage oder der Artikel wurde bereits 10 Mal geöffnet. manager magazin plus Jetzt weiterlesen. Mit dem passenden manager Abo. Einen Monat für € 0,99 testen. Jederzeit kündbar. Ihre Vorteile: manager magazin+ und Harvard Business manager+ im Paket Alle Inhalte von m+ und HBm+ auf der Seite manager-magazin.de und in der manager-Nachrichten-App Der Inhalt der gedruckten Magazine inkl. E-Paper (PDF) Jetzt für € 0,99 testen Ihre Vorteile: Alle Inhalte von m+ auf der Seite manager-magazin.de und in der manager-Nachrichten-App m+-Newsletter mit besonderen Leseempfehlungen Der Inhalt des gedruckten Magazins inkl. E-Paper (PDF) Jetzt für € 0,99 testen Sie sind bereits Digital-Abonnentin oder -Abonnent? Hier anmelden Weiterlesen mit manager+ Immer einen Einblick voraus Ihre Vorteile mit manager+ manager magazin+ in der App Harvard Business manager+ in der App Das manager magazin und den Harvard Business manager lesen als E-Paper in der App Alle Artikel in der manager-App Preis wird geladen... Sie haben bereits ein Digital-Abonnement? manager+ wird über Ihren iTunes-Account abgewickelt und mit Kaufbestätigung bezahlt. 24 Stunden vor Ablauf verlängert sich das Abo automatisch um einen Monat zum Preis von zurzeit 24,99€. In den Einstellungen Ihres iTunes-Accounts können Sie das Abo jederzeit kündigen. Um manager+ außerhalb dieser App zu nutzen, müssen Sie das Abo direkt nach dem Kauf mit einem manager-ID-Konto verknüpfen. Mit dem Kauf akzeptieren Sie unsere Allgemeinen Geschäftsbedingungen und Datenschutzerklärung ."
ef8a4e1f-4c6a-437d-b3e7-99e5f20c050e,2023-04-26 06:27:37+00:00,"Als Tesla-Chef Elon Musk im August 2021 vor Ort auf mögliche Wasser-Knappheit in der Region um die deutsche Gigafactory angesprochen wurde, brach er in langes Lachen aus. Die Gegend sei schließlich keine Wüste, und es regne dort reichlich, erklärte er amüsiert. Für Tesla erwies sich das Thema aber als durchaus ernst, denn beinahe hätte es die Genehmigung der Fabrik vor gut einem Jahr verhindert, und mehr Wasser als bislang zugesagt soll Tesla zunächst auch für ihren weiteren Ausbau nicht bekommen. Offenbar wird es auch gar nicht gebraucht, denn nach Angaben des Unternehmens hat die Elektroauto-Fabrik in Grünheide den geringsten Wasser-Verbrauch der Welt. Tesla braucht mehr Wasser als BMW Diese Angabe ist in dem Impact Report für 2022 enthalten, den Tesla am späten Montag veröffentlichte. Der Wasser-Verbrauch pro Elektroauto aus der deutschen Fabrik wird darin mit 1,8 Kubikmeter angegeben, wobei diese Angabe geschätzt sei – ein Praxis-Wert könne erst genannt werden, wenn der Hochlauf zur vollen Kapazität abgeschlossen ist. Die gleiche Erklärung gibt Tesla für seine ebenfalls neue Gigafactory in Texas, nennt aber mit 2,78 Kubikmeter pro Fahrzeug einen deutlich höheren Wasser-Wert. Tatsächlich scheint die Fabrik in Texas den weltweiten Durchschnitt bei Tesla anzuheben. Dieser lag laut dem Impact Report im vergangenen Jahr bei 2,57 Kubikmetern Wasser pro produziertem Elektroauto, war also niedriger. Wie die deutsche Gigafactory wurde die in den USA zunächst auf 500.000 Model Y pro Jahr ausgelegt. Beide sollen aber noch erweitert werden. In Texas zum Beispiel will Tesla ab diesem Jahr auch den Cybertruck produzieren. Der höhere Wert für diese Fabrik und im Durchschnitt bedeutet, dass Tesla bei der Produktion global gesehen derzeit mehr Wasser pro Auto benötigt als BMW. Für das deutsche Unternehmen ist der Verbrauch mit 1,9 Kubikmeter pro Stück angegeben und soll auf den neuesten verfügbaren Daten beruhen. Dabei scheint es sich also nicht um eine Schätzung zu handeln, sondern um konkret gemeldete Werte. Deutsche Gigafactory sparsamer als Texas Damit wäre BMW beim Umgang mit Wasser beinahe so effizient, wie es Tesla in seiner bislang sparsamsten Fabrik werden möchte. Alle anderen Hersteller liegen laut dem Bericht aber sowohl über dem Wert von Grünheide als auch über dem weltweiten Tesla-Durchschnitt von 2022. Auf die Gigafactory in Texas mit 2,78 folgt Mercedes mit 2,91 Kubikmetern Wasser pro Auto. Der Branchen-Durchschnitt liegt nach den Tesla-Angaben bei 3,68 Kubikmetern und wird unter anderem von Volkswagen und Toyota überschritten. Am höchsten soll der Verbrauch im Stellantis-Konzern sein, der pro Auto 4,77 Kubikmeter Wasser benötigt."
edfab16d-ce4a-46d4-8832-f3485a280e41,2023-04-26 09:09:00+00:00,"BMW bringt mit dem i5 und dessen Autobahnassistenten das dauerhaft freihändige Fahren nach Level 2+ mit bis zu 130 km/h nach Deutschland. Zum Abschluss des Serienentwicklungsprozesses hat BMW erste Details zu den Assistenzsystemen des elektrischen i5 vorgestellt, der auch per Blick-Aktivierung die Spur wechseln können soll. Die Weltpremiere des BMW i5 soll in wenigen Wochen erfolgen, erklärt der Hersteller, der Produktionsstart sei für den Sommer 2023 im niederbayerischen BMW-Group-Werk Dingolfing angesetzt, die Markteinführung soll im Oktober 2023 beginnen. Aktuell erfolgt die finale Abstimmung der Fahrwerksregel- und Fahrerassistenzsysteme des i5. Autobahnassistent nach Level 2+ Zu diesen zählt auch der neue Autobahnassistent für den Driving Assistant Professional, mit dem das automatisierte Fahren nach Level 2+ neben den USA und Kanada erstmals auch nach Deutschland kommt. ComputerBase konnte sich Level 2+ im Januar 2022 anhand eines US-Modells des BMW 330e ansehen, dessen Driving Assistant Professional im Modus „Assisted Driving Plus“ das dauerhafte Fahren ohne Hände am Lenkrad bis 40 mph (64 km/h) auf Highways erlaubte. Im aktuellen BMW i7 kann der Highway Assistant nach einem Update in den USA und Kanada bereits nach Level 2+ bis 85 mph (137 km/h) fahren. Level 2+ vs. Level 3 Level 2+ ist eine Ausbaustufe von Level 2 und bedeutet, dass Fahrer zum Beispiel auf Highways respektive Autobahnen dauerhaft die Hände vom Lenkrad nehmen dürfen, jedoch nicht die Fahraufgabe vollständig an das Auto übergeben können und somit weiterhin dauerhaft das Verkehrsgeschehen überwachen müssen. Level 3 wie etwa beim Drive Pilot von Mercedes-Benz (Test) geht einen Schritt weiter und erlaubt auch Nebenbeschäftigungen wie das Lesen, Spiele und mehr, weil die Fahraufgabe vollständig an das Auto übergeben wird. Doch der Drive Pilot ist aktuell lediglich für Stausituationen bis 60 km/h ausgelegt. Eine Erweiterung der Operational Design Domain (ODD) des Drive Pilot bis 130 km/h könnte bei Mercedes-Benz über die kommenden Jahre erfolgen. BMW hat sich beim elektrischen i5 für eine andere Herangehensweise mit schnellerem und häufiger verfügbarem Level 2+ anstelle eines Nischenprodukts für Level 3 entschieden. Der neue Autobahnassistent des Driving Assistant Professional entspricht zwar „nur“ Level 2+, ist dafür mit bis zu 130 km/h aber in deutlich mehr Situationen verfügbar als der Drive Pilot nach Level 3 und kann somit auch bei regulären Autobahnfahrten ohne Stau genutzt werden. Grundlage dafür bilden hochauflösende Kameras, Radarsensoren und Steuergeräte aus dem jüngsten Technologie-Baukasten sowie verfeinerte Software. Nach der Aktivierung übernimmt das System neben der Abstandsregelung auch die für die Spurführung notwendigen Lenkaufgaben, während der Fahrer seine Hände dauerhaft vom Lenkrad nehmen kann, sich dabei aber voll auf die Überwachung von Umfeld und Verkehrsgeschehen konzentrieren muss. Spurwechsel mit Blick-Aktivierung Um das sicherzustellen, wird die Aufmerksamkeit des Fahrers mithilfe einer Kamera überwacht. Über diese Kamera wird auch eine weitere Neuerung des i5 abgewickelt: der automatische Spurwechselassistent durch Blick-Aktivierung. Beim Blick in den Außenspiegel setzt das Fahrzeug zum Spurwechsel an und übernimmt die dafür notwendigen Lenkbewegungen und Geschwindigkeitsanpassungen bis zu 130 km/h automatisiert, sofern der Fahrer dies bestätigt und die Verkehrslage es zulässt. Die rein visuelle Geste ergänzt die bisherige Betätigung des Blinkerhebels, welche ebenfalls alternativ zur Verfügung steht. Neuer 5er kommt als Verbrenner, Plug-in-Hybrid und elektrisch Beim neuen 5er werden Käufer die Wahl zwischen klassischen Verbrennern, Plug-in-Hybriden und rein elektrischen Antrieben haben. Als Topmodell der Baureihe ist der BMW i5 M60 xDrive geplant, dessen Stromverbrauch kombiniert bei 21,2-17,9 kWh/100 km (WLTP) liegen soll. Ein i5 eDrive40 wird von BMW ebenso in Aussicht gestellt."
4655d107-fb40-4c2a-96f6-9438cad3fa15,2023-04-26 12:56:00+00:00,"Startseite Wirtschaft „Sind uns um Lichtjahre voraus“: Warum China für die deutschen Autobauer verloren ist Von: Christian Domke Seidel Deutsche Elektroautos sind in China ein Ladenhüter. Und das dürfte auch so bleiben. Das Problem sei hausgemacht, sagt ein hochrangiger Mercedes-Insider. Dieser Text liegt IPPEN.MEDIA im Zuge einer Kooperation mit dem China.Table Professional Briefing vor – zuerst veröffentlicht hatte ihn China.Table am 16. März 2023. Peking – Die deutschen Autohersteller nehmen auf dem chinesischen Automarkt verstärkt die Rolle eines Zuschauers ein. Im boomenden Markt für Elektroautos hat Volkswagen gerade einmal 2,4 Prozent Marktanteil. BMW und Mercedes sogar unter einem Prozent, wie Zahlen der staatlichen Kfz-Versicherung zeigen. Das Problem sei hausgemacht, erklärt ein hochrangiger Mercedes-Insider gegenüber Table.Media. Die Joint-Ventures mit Konkurrenten aus der Volksrepublik seien langfristig betrachtet ein Fehler gewesen und der technische Vorsprung chinesischer Hersteller bei der E-Mobilität nicht mehr aufzuholen. Lange Zeit hatten deutsche Automobilhersteller nur Zugang zum chinesischen Markt, wenn sie ein Joint Venture mit einem Partner aus der Volksrepublik eingingen. Das erlaubte zwar den Verkauf der Fahrzeuge auf dem größten Markt der Welt, führte jedoch auch zu einem enormen Wissenstransfer. Das bestreiten auch die Autohersteller nicht. „Die Joint-Venture-Gründung waren bekanntermaßen bis vor wenigen Jahren obligatorisch in China – auch die Entwicklung bestimmter zentraler Komponenten im Land. Natürlich ist dadurch Entwicklungs- und Fertigungs-Know-how nach China geflossen“, führt eine Sprecherin von BMW gegenüber Table.Media aus. Newsletter von Table.Media Erhalten Sie 30 Tage kostenlos Zugang zu weiteren exklusiven Informationen der Table.Media Professional Briefings – das Entscheidende für die Entscheidenden in Wirtschaft, Wissenschaft, Politik, Verwaltung und NGOs. Deutsche Autobauer in China: Joint Ventures werden zum Boomerang Entsprechend positiv sieht ein Volkswagen-Sprecher die Abschaffung der Joint-Venture-Pflicht Anfang vergangenen Jahres: „Wir begrüßen die weitere Öffnung des chinesischen Automobilmarktes, die es ausländischen Unternehmen ermöglicht, nicht nur Komponentenwerke eigenständig zu betreiben, sondern auch eigene Fahrzeugproduktion aufzubauen. Wir sind davon überzeugt, dass gleiche Wettbewerbsbedingungen der Schlüssel zur weiteren positiven Entwicklung der chinesischen Automobilindustrie ist.“ Die Frage ist, ob der Schritt nicht zu spät kommt. Chinesische Hersteller produzieren Fahrzeuge, die deutschen Modellen kaum nachstehen. Der Elektroautoboom macht deutlich, dass sie in Teilbereichen sogar einen enormen Vorsprung aufgebaut haben. Beispielsweise bei der Software-Integration, Fahrassistenten und dem autonomen Fahren. So verkündete Mercedes im Januar 2023, als erster Hersteller eine Zertifizierung für automatisiertes Fahren nach Level 3 für den US-amerikanischen Straßenverkehr im Bundesstaat Nevada erhalten zu haben. In Shenzhen sammeln chinesische Fahrzeuge längst Testkilometer auf Level 5. E-Autos: Wollen die Kunden es billig oder fortschrittlich? Auf die technischen Fortschritte angesprochen, stellt eine Unternehmenssprecherin von BMW die Gegenfrage: „Wo sehen Sie die Konkurrenz auf Augenhöhe?“ Sie verweist darauf, dass der chinesische Markt ein Volumenmarkt und die Kunden sehr preissensitiv seien. Auch Mercedes betont gegenüber Table.Media vor allem auf Premiumprodukte zu setzen. „Das Elektrofahrzeugsegment in China steht noch am Anfang einer vielversprechenden Entwicklung, insbesondere für Autos mit einem Preis von über einer Million Renminbi.“ Das sind rund 100.000 Euro. „Das größte Wachstum im Elektrofahrzeugsegment in China findet aktuell im Preissegment um die 300.000 Renminbi statt.“ Mercedes sehe seine Chance im Top-End-Bereich der Elektroautos. Doch selbst im günstigen Bereich gibt es Techniken, die bei Premiumherstellern längst nicht üblich sind. So bietet der Elektro-Kleinwagen Dolphin von BYD (umgerechnet 14.000 Euro) ein 800-Volt-Bordnetz. Eine Technologie, die sich in China gerade zum neuen Standard entwickelt. Bei den deutschen Mitbewerbern gibt es sie nur im Porsche Taycan und Audi E-Tron GT. Deutsche Hersteller können Rückstand in China kaum aufholen Offiziell weisen die deutschen Anbieter die Risiken von sich. „Wir sind langfristig und strategisch unterwegs, kurzfristige Entwicklungen werden wahrgenommen und analysiert. Aktuell ist aus unserer Sicht kein Risiko erkennbar“, so die BMW-Sprecherin. Eine Meinung, die der Mercedes-Insider skeptisch sieht. „Der Wissenstransfer war töricht. Langfristig haben sich die deutschen Hersteller damit ihr eigenes Grab geschaufelt.“ Denn an eine erfolgreiche Aufholjagd der deutschen Hersteller glaubt er nicht. „Die sind uns um Lichtjahre voraus, die Angewohnheiten und Wünsche der Kunden zu berücksichtigen. Wir sind gefangen in Regularien und Prozessen.“ Chinesische Hersteller würden Kundenwünsche umgehend umsetzen. Ein Beispiel sei die Sleeper-Funktion. Dabei stellt das Auto die Sitze in die Horizontale, der Wagen heizt sich vor und filtert die Luft. Chinesische Kunden könnten dann in der Mittagspause kurz 30 Minuten im Auto schlafen. Obwohl es nicht mehr ist als die Verknüpfung bereits vorhandener Technologien, müssen deutsche Hersteller in China dazu monatelange interne Abstimmungsprozesse durchlaufen. Chinesische OEM setzen so etwas einfach um. VW will in China dynamischer werden Volkswagen reagierte mit dem Aufbau neuer Strukturen. „Zentrales Element der Neuaufstellung ist ein regionales China Board unter der Leitung von Ralf Brandstätter, Volkswagen-Konzernvorstand für China, das markenübergreifend und im engen Austausch mit den Joint Venture-Gesellschaften die wesentlichen Entscheidungen in der Region trifft“, so der VW-Sprecher. Volkswagen nennt seine Strategie „in China, für China“. Derweil verlässt der Konzern hierzulande langsam, aber sicher traditionelle Pfade. Die „Autos für das Volk“ werden nämlich immer teurer. Viel Hoffnung setzte VW in die Partnerschaft von Cariad mit Horizon Robotics, einem der führenden Anbieter von Computing-Plattformen für smarte Fahrzeuge. Diese werde die „regionale Entwicklung von Fahrerassistenzsystemen (ADAS) und autonomen Fahrsystemen (AD) für den chinesischen Markt beschleunigen.“ Den Nutzen dieser Bemühungen – zumindest für die deutsche Wirtschaft – zweifeln Expertinnen aber längst an. Darauf angesprochen erklärt eine Sprecherin von BMW gegenüber Table.Media: „Der chinesische Markt ist für die BMW Group der absatzstärkste, und wir sehen weiteres Potenzial. Unsere lokale Produktion vor Ort für den Inlandsmarkt sichert auch Arbeitsplätze in Deutschland.“ Zwar sehen auch externe Beobachter das Wachstumspotenzial, bezweifeln aber, dass das China-Geschäft Arbeitsplätze in Deutschland sichert. Laut einer Studie des China-Forschungsinstituts Merics profitiere die Wirtschaft der Volksrepublik längst deutlich mehr von den Investitionen als die deutsche. *Dieses Bild wurde mithilfe maschineller Unterstützung erstellt. Dafür wurde ein Sprachmodell genutzt, das Informationen aus ausgewählten Quellen verarbeitet. Auswahl der Quellen und Sprachmodellanfragen sowie finale Bearbeitung des Bildes: Art Director Nicolas Bruckmann."
bc8695ba-31f8-4ed8-8b1d-ada5f4e33ece,2023-04-28 07:41:00+00:00,"Startseite Wirtschaft Automesse Shanghai: Eiscreme-Aktion wird für BMW zum Desaster Von: Markus Hofstetter Der Münchner Autobauer BMW hat in China gerade mächtig Ärger mit seiner Marke Mini. Auslöser sind nicht die Autos - sondern Eiscreme. Shanghai - Die deutschen Autohersteller haben derzeit einen schweren Stand in China. Die chinesischen Marken erobern den heimischen Markt für Elektroautos, BMW, Mercedes, VW & Co schaffen es nicht, mit attraktiven Modellen dagegenzuhalten. Zudem schicken sich BYD oder Nio an, ihnen international, auch in Deutschland, Konkurrenz zu machen. Ein Shitstorm kann in dieser kritischen Situation sehr ungelegen kommen. Eiscreme-Shitstorm für BMW in Shanghai: Mini wird Rassismus vorgeworfen Doch nun hat BMW in China für Entrüstung gesorgt. Dabei hatte es das Münchner Unternehmen eigentlich gut gemeint. Die BMW-Marke Mini verteilte an ihrem Stand auf der Auto Shanghai, eine der größten Automessen der Welt, gratis Eis. Je 300 Portionen hatte Mini für den 19. und den 20. April für Besucher dabei. Bei dieser Menge ist klar, dass nicht jeder ein Eis erhalten kann. Das Problem ist jedoch, dass dem Unternehmen in sozialen Netzwerken vorgeworfen wird, sich bei der Aktion rassistisch verhalten zu haben: Ausländer erhalten ein Eis, chinesische Besucher dagegen gehen leer aus. Beweisen soll dies ein Video, das ein chinesischer Nutzer auf der Plattform Bilibili hochgeladen hat. Darin ist zu sehen, wie zwei chinesische Mini-Mitarbeiterinnen auf dem Messestand gratis Eis ausgeben. Als ein chinesischer Messebesucher nach einem Eis fragt, wird er abgewiesen. Nach einem Schnitt zeigt das Video, wie einem westlich aussehenden Mann auf Anfrage ein Eis in die Hand gedrückt wird. Wie beide Videoabschnitte zeitlich zusammenhängen, ist nicht ersichtlich. Ob der Ausländer vor dem Chinesen oder erst nach ihm am Stand war, ist nicht festzustellen. Eiscreme-Shitstorm für BMW in Shanghai: Erklärung geht nach hinten los Das Video hat sich zu einem ernsten Problem für BMW und Mini ausgewachsen. Nach Reuters-Angaben war dieser Vorfall am Donnerstag (20. April) mit 93 Millionen Beiträgen und Kommentaren das zweit-meistgesuchte Thema auf der Social-Media-Plattform Weibo. Mini sah sich genötigt, zu reagieren. Man entschuldigte sich auf Weibo in einem ausführlichen Statement. Darin wird erklärt, auf der Auto Shanghai sei es normalerweise ungewöhnlich heiß. Mit 600 Portionen Eis habe man für eine „frühsommerliche Abkühlung“ sorgen wollen. Zusätzlich zu den 300 Portionen pro Tag habe Mini „eine kleine Menge für unsere hart arbeitenden Kollegen vor Ort reserviert“. Dazu zählten auch die „4-5 Ausländer“, die in dem Video zu sehen seien. Zudem seien die beiden Mitarbeiterinnen am Stand „jung“ und „gerade erst in die Gesellschaft eingetreten“. Besser machte es Mini mit dem Statement nicht. So heißt es in einem Kommentar auf Twitter, dass die PR von Mini ein „Desaster sondergleichen“ sei. Normalerweise wollen Unternehmen auf einer Messe auf sich und ihre Produkte aufmerksam machen. Doch diese Art von Aufmerksamkeit hat man sich bei Mini sicher nicht erwünscht. Derweil treibt BMW seine Elektro-Strategie in der Heimat voran und startet noch in diesem Jahr die Produktion einer neuen Modellreihe."
ce1b8119-42c6-4ac0-8ab9-5a5aafb83a4b,2023-04-28 10:05:39+00:00,"Die Firma Conoscope führt im Auftrag des BMW Group Werks Dingolfing in den nächsten Wochen telefonisch eine Befragung zur Wahrnehmung des Werks in der Region durch. Start der Umfrage ist am 2. Mai, teilte das Unternehmen am Freitag mit. Befragt werden Personen aus den Landkreisen Dingolfing-Landau, Straubing-Bogen, Deggendorf, Passau und Rottal-Inn sowie der Städte Straubing und Passau.Von den Rückmeldungen erhoffe sich das Werk Erkenntnisse darüber, wie informiert die Menschen in der Region über das BMW-Werk sind und wie dessen Aktivitäten wahrgenommen werden."
