8ce64f6a-6c0d-4e1b-9237-be1c6ad5eb1f,2023-12-04 16:12:00+00:00,"Startseite Politik Ex-Linken-Politiker Klaus Ernst über BSW: „Wir werden deutlich über fünf Prozent kommen“ Von: Claus-Jürgen Göpfert Der frühere Linken-Chef Klaus Ernst spricht im FR-Interview über die Chancen des Bündnisses Sahra Wagenknecht, Politik für die kleinen Leute und weshalb er Porsche für das nachhaltigste Auto hält. Ein Interview von Claus-Jürgen Göpfert. Herr Ernst, vor fast 20 Jahren haben Sie mit anderen Gewerkschaftern zusammen einen Aufruf zur Gründung der Initiative Arbeit und soziale Gerechtigkeit veröffentlicht. Ja, das war am 12. März 2004. Wir waren sechs Bevollmächtigte der IG Metall, darunter mein Freund Peter Vetter in Kempten, der heute auch hier beim Strategie-Treffen in Frankfurt dabei ist. Die daraus entstandene Partei WASG hat sich dann später mit der PDS zur Linken vereint, deren Bundesvorsitzender Sie von 2010 bis 2012 waren. Jetzt sind Sie aus der Linken ausgetreten und haben sich dem Bündnis Sahra Wagenknecht angeschlossen. Wie ist Ihre Gefühlslage? Meine Gefühle sind gespalten. Einerseits fühle ich mich befreit. Denn die Linke, das war keine gemeinsame Partei mehr. Da waren sehr viele Menschen mit Zielen unterwegs, mit denen ich kaum noch etwas zu tun hatte. Andererseits spüre ich auch Wehmut. Ich war Gründungsmitglied und Vorsitzender der Partei. Das tut in der Seele weh. Und zwar deshalb, weil es uns nicht gelungen ist, eine gemeinsame Linke zu erhalten. Was ist Ihr Hauptvorwurf an die Linken? Es haben Strömungen in der Partei eine Mehrheit errungen, die nicht mehr die Themen nach vorne gestellt haben wie die politische Interessenvertretung der „normalen“ Leute, der abhängig Beschäftigten, der Rentnerinnen und Rentner, also der Mehrheit der Gesellschaft, sondern Minderheitenthemen für Lifestyle-Linke. Man wollte grüner werden als die Grünen, der Kampf gegen Rassismus und für unbegrenzte Zuwanderung wurden zu den Themen, welche die Linken in den Mittelpunkt stellten. Diese Themen wurden von den Vorsitzenden Katja Kipping und Bernd Riexinger in den Mittelpunkt gestellt. Gleichzeitig bekämpfte man individuelle Mobilität. Tatsächlich sichert die Autoindustrie auch mit dem Wandel hin zur Elektromobilität die Existenz Hunderttausender von Menschen. Da wundert mich nicht, dass sich viele von uns abgewendet haben. Aber was spricht denn dagegen, Rassismus zu bekämpfen? Nichts. Selbstverständlich sind wir gegen Rassismus und Ausgrenzung. Aber eine linke Partei muss vor allem die Themen in den Vordergrund stellen, welche die Verbesserung der Arbeits- und Lebensbedingungen der Mehrheit der Leute betreffen. Es geht nicht darum, Migranten einen Sonderstatus zu geben, sondern sie zu integrieren. Mit der falschen Themensetzung haben wir die Zustimmung gerade der Arbeiter verloren. Früher wählten uns 18 Prozent dieser Gruppe, heute sind es noch drei Prozent. Warum ist unbegrenzte Zuwanderung falsch? Weil damit das Asylrecht in Frage gestellt wird, weil sich Menschen, die hier leben, ungerecht behandelt fühlen und weil die Aufnahmefähigkeit und der Sozialstaat an seine Grenzen kommen. Die Städte, Gemeinden und Landkreise können die Integration nicht mehr leisten. Die Bevölkerung ist überfordert. Davon profitiert leider die AfD. An diesem Zuwachs der AfD-Wähler hat die etablierte Politik Schuld. Da haben alle anderen Parteien versagt, einschließlich der Linken. Es läuft etwas falsch. Es muss unser Ziel sein, illegal zugewanderte Menschen einzudämmen und auch wieder in ihre Herkunftsländer zurückzubringen, um unser Asylrecht zu erhalten und auch künftig den Menschen Schutz geben zu können, die unter das Asylrecht fallen. Das Asylrecht darf nicht angetastet werden. Zur Person Klaus Ernst (69) ist Mitglied im Verein „Bündnis Sahra Wagenknecht“. Der Bundestagsabgeordnete trat am 23. Oktober aus der Linkspartei aus. 2005 wurde er als Direktkandidat der unterfränkischen Industriestadt Schweinfurt zum ersten Mal in den Bundestag gewählt. Von 1995 bis 2010 war er erster Bevollmächtigter der IG Metall Schweinfurt. 2004 wurde Ernst aus der SPD ausgeschlossen, gründete die Wahlalternative Arbeit und soziale Gerechtigkeit (WASG) mit und war an ihrer Fusion zur Linkspartei beteiligt. Schweinfurt spielt nun wohl auch bei der Gründung einer Wagenknecht-Partei eine Rolle. Am Samstag trat dort ein Großteil des Schweinfurter Parteikerns in Anwesenheit von Ernst aus der Linkspartei aus. Hier gibt es offensichtlich Sympathien für das BSW. kbi Was verstehen Sie unter vernünftiger Klimapolitik? Eine Klimapolitik, die praktikabel ist, die Menschen mitnimmt und weniger auf Ideologie und Umerziehung setzt. Der öffentliche Personennahverkehr muss zuerst ausgebaut werden, er muss endlich so attraktiv werden, dass viel mehr Menschen ihn nutzen. Es ist dagegen unvernünftig, den privaten Verkehr durch CO2-Abgaben so teuer zu machen, dass viele Privatleute ihn sich nicht mehr leisten können. Es war unvernünftig, das Gebäudeenergiegesetz zu verabschieden und die Menschen zum Einbau einer neuen Heizung zu zwingen, ohne dass Stromnetze ausgebaut sind und preiswerte Alternativen zur Verfügung stehen. Wir brauchen einen Ausbau des Wasserstoffnetzes, erst dann kann man umstellen. Der Preis muss stimmen für die Menschen. Sie hätten also das Gebäudeenergiegesetz in diesem Jahr nicht vorgelegt und beschlossen? Genauso ist es. Sie sind gelernter Elektromechaniker, traten 1972 in die IG Metall ein, saßen als Arbeitnehmervertreter in den Aufsichtsräten großer Unternehmen, etwa bei Porsche. Man hat sie einmal Porsche-Klaus genannt, weil Sie dem Aufsichtsrat der Firma angehörten und stolz einen Porsche fuhren. Den Porsche fahre ich immer noch. Der Porsche ist das nachhaltigste Auto, das es gibt. 70 Prozent aller je zugelassenen Porsche fahren noch immer. Die Umstellung der Automobile auf Elektromobilität wird nicht so schnell zu bewältigen sein, wie es die Politik heute verspricht. Studien besagen, dass im Jahre 2045 weltweit doppelt so viele Autos unterwegs sind wie heute. Die Hälfte davon Verbrenner, also genau so viele wie heute. Wenn man wie geplant im Jahre 2035 die Produktion von Verbrenner-Automobilen einstellt, werden sie dennoch weitere zehn Jahre bei uns fahren und noch einmal zehn Jahre länger in Europa und 30 Jahre weltweit. Andere Länder werden weiter Verbrenner bauen. Eine Reduktion von CO2 bei der Mobilität geht nur mit klimaneutralen synthetischen oder Bio-Kraftstoffen, trotz immer mehr Elektrofahrzeugen. Wie geht es jetzt weiter mit der Partei von Sahra Wagenknecht, der Sie sich anschließen wollen? Dass ich dieses Projekt unterstütze, habe ich bereits vor Monaten öffentlich erklärt. Die Partei wird im Lauf des Januars 2024 gegründet werden, ein genaues Datum für die Gründung haben wir noch nicht festgelegt. Am 27. Januar kommen dann die Mitglieder zu einem ersten Bundesparteitag in Berlin zusammen. Wie hoch schätzen Sie das politische Potenzial der neuen Partei ein, wie viel Prozent trauen Sie der Partei bei Wahlen zu? Ich will da keine Prognose machen. Die Umfragen, die es zu diesem Thema gibt, fallen für uns sehr gut aus. Ich will nur so viel sagen: Ich denke, wir werden auf Anhieb deutlich über die Fünf-Prozent-Hürde kommen. Ich erlebe gegenwärtig, dass sich sehr viele Initiativen in Deutschland gründen, die uns unterstützen. Wir wollen aber kontrolliert wachsen und die Partei langsam in den Bundesländern aufbauen. Wie wollen Sie denn verhindern, dass die neue Partei teilweise zum Sammelbecken von durchgeknallten Rechtsextremen wird? Wir wollen keine Mitglieder, die den Charakter unserer Partei gegen unseren Willen verändern. Wir sind deshalb dabei, eine Parteisatzung zu formulieren, dass ein geordnetes Aufnahmeverfahren gilt. Voraussetzung für die Mitgliedschaft ist, dass ein Mitglied das Programm unterstützt, das wir in unserem Manifest veröffentlicht haben. Welche Rolle werden Sie in der neuen Partei spielen, was wird Ihre Aufgabe sein? Ich werde beim Aufbau der Partei helfen und dabei mitwirken, dass sich abhängig Beschäftigte und sogenannte kleine Leute durch uns vertreten fühlen. Die neue Partei muss und wird wieder Zugang haben zu den Menschen, die ihr Geld durch Arbeit verdienen. Sie muss für Rentnerinnen und Rentner genauso attraktiv sein wie für Menschen, die unsere Hilfe brauchen, weil ihre Einkommen trotz Arbeit ein würdevolles Leben nicht ermöglichen. Die erste Wahl, bei der die Partei antritt, wird die Europawahl im Juni 2024 sein. Das ist richtig. Dann folgen die Landtagswahlen in den östlichen Bundesländern, also in Sachsen und Thüringen am 1. September 2024 und dann in Brandenburg am 22. September. Aber unser großes Ziel ist natürlich die Bundestagswahl im Herbst 2025. Aber wenn Sie tatsächlich bei der Bundestagswahl 2025 antreten wollen, muss die Partei in allen 16 Bundesländern vertreten sein, mit einem breiten Netz von Kandidatinnen und Kandidaten. Ist das überhaupt zu schaffen, ist das realistisch? Ich bin da zuversichtlich, dass das klappt. Ich sage noch einmal: Wir werden langsam, aber kontinuierlich wachsen. Wir werden versuchen, respektable Kandidatinnen und Kandidaten zu finden, die Anerkennung in der Gesellschaft genießen."
9febd738-0dcb-4af8-81ac-56bc3960b937,2023-12-06 12:45:00+00:00,"Nächste Woche kommt Update 3 für Forza Motorsport und bringt einige Neuerungen mit sich. Ab dem 12. Dezember 2023 soll das Update für euch zum Download verfügbar sein. Was ist neu? Live-Inhalte in der Karriere und in anderen Bereichen tauchen den Entwicklern zufolge dann ab dem 14. Dezember 2023 im Spiel auf. Unter anderem will man mit dem Update die Stabilität und Performance des Rennspiels weiter verbessern und Probleme in Angriff nehmen, von denen Spielerinnen und Spieler berichtet. Mehr dazu erfahrt ihr auf der offiziellen Webseite. Und dann gibt es noch die neuen Inhalte. Hier sticht gerade für deutsche Fans natürlich Hockenheim als neue Strecke hervor. Drei Strecken-Layouts sind für euch verfügbar und ihr könnt die Strecke in der Karriere, im Multiplayer, im freien Spiel und bei Rivals fahren. Des Weiteren erwarten euch in nächster Zeit wieder einige neue Fahrzeuge im Car Pass. Hier die nächsten Neuzugänge: Datum Fahrzeug 14. Dezember 2018 Chevrolet #23 Ruman Racing TA Corvette 21. Dezember 1985 Buick #6 Performance Motorsports Somerset Regal Trans-Am 28. Dezember 2021 Cadillac #31 Whelen Racing DPi-V.R 4. Januar 2018 Lamborghini #63 Squadra Corse Huracán Super Trofeo Evo 11. Januar 1983 Porsche #11 John Fitzpatrick Racing 956 Mit Update 4 für Forza Motorsport ist dann Mitte Januar 2024 zu rechnen."
6d04c970-ab36-49cf-b979-6bb37d47751a,2023-12-06 14:19:00+00:00,"Die von VW beauftragten Prüfer haben nach eigenen Angaben keine Hinweise auf Zwangsarbeit in dem umstrittenen Werk in der chinesischen Provinz Xinjiang gefunden. ""Wir konnten keine Hinweise auf oder Belege für Zwangsarbeit bei den Mitarbeitenden finden"", sagte Markus Löning von der Beratungsfirma Löning Human Rights & Responsible Business am Dienstag in Wolfsburg bei der Vorlage einer Management-Zusammenfassung seines Berichts. Lönings Unternehmen war von VW im Sommer beauftragt worden, die Arbeitsbedingungen an dem Standort auf Menschenrechtsverletzung hin zu untersuchen. ""Die Ergebnisse der Auditierung des Werks in Urumqi zeigen, dass keine Anzeichen für Zwangsarbeit innerhalb des Standorts festgestellt wurden"", stellte VW-Rechtsvorstand Manfred Döss (65) fest. ""Auch zukünftig werden wir jegliche Hinweise auf Menschenrechtsverstöße sehr ernst nehmen. Sollte es einen Verdacht oder Hinweise geben, werden wir diesen nachgehen."" VW folge dabei den internationalen und nationalen Gesetzen und Pflichten sowie den internen Prozessen und Regularien. Erst als Chefjustiziar, dann als Vorstand der Familienholding Porsche SE, wehrte Döss bislang sämtliche Schadensersatzforderungen aus der Zeit der Übernahmeschlacht zwischen Porsche und Volkswagen AG ab; noch immer werden Milliarden Euro eingeklagt. Genauso hielt er die Schäden des Dieselskandals unter Kontrolle, sorgte dafür, dass der von den US-Behörden eingesetzte Monitor Larry Thompson (77) nicht allzu lästig wurde – und stieg daraufhin Ende 2020 sogar in den Konzernvorstand auf. Gesamtvergütung 2022 : rund 3,3 Millionen Euro; hinzu kamen 1,35 Millionen Euro bei der Porsche SE . VW dehnte für den 65-Jährigen sogar kürzlich die Altersgrenze aus. Untersuchungen auf Urumqi begrenzt Allerdings, so räumte Berater Löning ein, gebe es in China besondere Herausforderungen für solche unabhängigen Untersuchungen. ""Die Situation in China und Xinjiang und die Herausforderungen bei der Datenerhebung für Audits sind bekannt."" Überprüft haben man daher nur die Arbeitsbedingungen der Mitarbeiter im Werk selbst. ""Unser Mandat war auf die 197 Mitarbeitenden der Shanghai Volkswagen (Xinjiang) Automotive Company in Urumqi begrenzt."" Von den 197 Beschäftigten seien gut drei Viertel Han-Chinesen, 47 gehörten verschiedenen Minderheiten an, die meisten davon Uiguren. ""Die Mitarbeitenden sind überdurchschnittlich bezahlt und haben wenig zu tun"", fasste Löning die Arbeitsbedingungen an dem Standort fest. Besondere Überwachungsmaßnahmen habe man nicht feststellen können. Auch die Prüfer hätten sich bei ihrem Besuch vor Ort frei bewegen können. Löning war bis 2013 Menschenrechtsbeauftragter der Bundesregierung. VW-Konzernchef Oliver Blume (55) hatte im Juni nach öffentlichem Druck angekündigt, das Werk einer unabhängigen Überprüfung zu unterziehen. Zuvor hatte der US-Finanzdienstleister MSCI den Wolfsburger Konzern wegen des Standorts mit einem Warnhinweis belegt. Menschenrechtsaktivisten kritisieren VW seit Langem dafür, an dem Werk, dessen Vertrag noch bis mindestens 2029 läuft, festzuhalten. Sie werfen der Zentralregierung in Peking vor, die muslimische Minderheit der Uiguren gezielt zu unterdrücken. Volkswagen hatte stets bestritten, dass es an dem Standort Menschenrechtsverletzungen oder Zwangsarbeiter geben könnte. Investoren fordern mehr Transparenz Nach dem Abschluss der Untersuchung zum Volkswagen-Werk Urumqi in China fordern Investoren den Autobauer zu mehr Transparenz auf. Die Veröffentlichung des Audits sei ein Schritt in die richtige Richtung, sagte Henrik Pontzen, bei der Fondsgesellschaft Union Investment für Nachhaltigkeitsthemen zuständig, am Mittwoch der Nachrichtenagentur Reuters. Aber VW sei damit noch nicht am Ziel. ""In China dürfen Audits keine einmalige Übung bleiben."" Zudem müsse ein funktionierendes Beschwerdemanagement etabliert werden. ""Auch bleibt die schwache Corporate Governance bei VW eine Achillesferse."" Ingo Speich, Nachhaltigkeitsexperte der Deka Investment, sagte, der Druck des Kapitalmarktes habe gewirkt. Die Überprüfung sei mit Blick auf Ablauf und Ergebnis ein Schritt in die richtige Richtung. ""Wünschenswert wäre darüber hinaus mehr Transparenz in der Wertschöpfungskette."" An der Frankfurter Börse lagen die VW-Aktien mit einem Plus von bis zu 3,1 Prozent auf 111,92 Euro am zuletzt an der Dax-Spitze."
a090949b-90ca-4586-8063-c77eea3a3144,2023-12-08 21:15:12+00:00,"Trotz der landes- und bundesweiten wirtschaftlichen Herausforderungen, wie Versorgungsengpässe und steigende Kosten für Material und Fachpersonal, konnte der Sportwagenbauer Porsche seine positive Geschäftsentwicklung im ersten Halbjahr weiter fortsetzen. Laut BW24 wird das Unternehmen voraussichtlich ein deutliches Plus beim Konzernumsatz erzielen und das Gesamtjahr positiv abschließen. Porsche zahlt Weihnachtsgelder in Höhe von bis zu 100 Prozent des Monatsgehalts Als Zeichen dieser Erfolgsgeschichte belohnt die VW-Tochter aus Stuttgart ihre Belegschaft mit einem unvergleichbar hohen Weihnachtsgeld für die tarifgebundenen Mitarbeiter in Deutschland. Tariflich ist das Weihnachtsgeld auf 55 Prozent eines Monatsgehalts festgelegt, allerdings teilte eine Unternehmenssprecherin von Porsche BW24 mit: „Die Porsche AG zahlt ihren Mitarbeiterinnen und Mitarbeitern im November 2023 ein Weihnachtgeld von bis zu 100 Prozent eines Monatsentgelts.“ Dieses Jahr können sich rund 23.300 Mitarbeiter auf ein 13. Monatsgehalt freuen. Bonusgelder deutlich über der tariflichen Regelung von 55 Prozent Die Höhe des Weihnachtsgeldes hängt nicht nur von der tariflichen Regelung ab, sondern auch von der jeweiligen Position des Mitarbeiters. Ein Industriemechaniker könnte bei einem Weihnachtsgeld von 100 Prozent beispielsweise 4541 Euro brutto erhalten, während ein Ingenieur mit einem Weihnachtsgeld von bis zu 7166 Euro brutto rechnen könnte. Im Vergleich dazu hielten sich andere Stuttgarter Unternehmen wie Mercedes-Benz und Bosch in den vergangenen Jahren an die tarifliche Vorgabe von 55 Prozent eines Monatsentgelts und werden dies voraussichtlich auch dieses Jahr tun, so BW24."
88bc34e3-d6c1-4cc9-a7d6-c2b36bc9bb2b,2023-12-12 11:13:55+00:00,"In den vergangenen Jahren hat sich Usbekistan, ein zentralasiatischer Staat mit 36 Millionen Einwohnern, zu einem bedeutenden internationalen Mitspieler entwickelt. Das Land hat verstärkt auf den Ausbau des internationalen Handels, die Förderung des Tourismus und die Anziehung ausländischer Investitionen gesetzt, was es von seiner früheren Zeit als geschlossener autoritärer Staat abrückte. Seit Shavkat Mirziyoyev 2016 die Präsidentschaft übernahm, wurden umfassende Reformen eingeleitet, die Usbekistan zu einem offenen Land mit einer florierenden Wirtschaft machten. Seine kürzliche Wiederwahl bis 2030 mit 87 Prozent der Stimmen unterstreicht seine herausragende Rolle in diesem Wandel. Shavkat Mirziyoyev: Vorreiter des Wandels Geboren 1957 in eine Familie von Ärzten, prägte Mirziyoyevs Ausbildung in Bewässerung und landwirtschaftlicher Mechanisierung seinen Weg zur Präsidentschaft. Seine breite Erfahrung auf verschiedenen Regierungsebenen verlieh ihm ein tiefgreifendes Verständnis für die wirtschaftlichen Herausforderungen Usbekistans. Nach seinem Amtsantritt im Jahr 2016 setzte Präsident Usbekistan Mirziyoyev unverzüglich umfangreiche Reformen in Gang. Wirtschaftlicher Aufschwung durch ausländische Investitionen Mirziyoyevs Schwerpunkt lag auf der Anziehung ausländischer Investitionen und der Privatisierung staatlicher Unternehmen zur Stärkung der usbekischen Wirtschaft. Deutschland erwies sich als bedeutender europäischer Partner, indem es in den letzten Jahren über 2,5 Milliarden US-Dollar in das Land investierte. Etwa 200 deutsche Unternehmen, darunter Größen wie MAN, CLAAS, Knauf und Falk Porsche Fiberglass, sind nun in Usbekistan tätig. Veränderungen im globalen Handel Usbekistan war historisch bekannt für den Export von Baumwolle, Uran, Gold sowie Obst und Gemüse. Unter Mirziyoyevs Führung wurden Zwangsarbeitspraktiken in Baumwollfeldern beendet und private sowie ausländische Investitionen in die Textilindustrie gefördert. Deutschland, als größter Handelspartner in Europa, verzeichnete im letzten Jahr einen bilateralen Handelsumsatz von 1,2 Milliarden US-Dollar, mit bemerkenswerten 929 Millionen US-Dollar im ersten Halbjahr dieses Jahres. Förderung nachhaltiger Energieinitiativen Um die Abhängigkeit von fossilen Brennstoffen zu verringern und die Wirtschaft zu modernisieren, strebt Usbekistan an, den Anteil erneuerbarer Energien im Energiemix bis 2030 auf 40 Prozent zu erhöhen. In Zusammenarbeit mit europäischen, chinesischen und nahöstlichen Partnern wurden zahlreiche Solar- und Windkraftanlagen initiiert. Usbekistans Entwicklungsstrategie Mirziyoyevs Unterstützung der Strategie Usbekistan 2030 skizzierte ehrgeizige Ziele wie die Verdoppelung des Bruttoinlandsprodukts bis 2030, die Steigerung der Exporte sowie die Verbesserung von Bildung und Gesundheitswesen. Usbekistan plant, 110 Milliarden US-Dollar an ausländischen Investitionen anzuziehen, wobei Deutschland als verlässlicher Partner gilt. Shavkat Mirziyoyevs visionäre Führung hat Usbekistan als dynamisches und fortschrittliches Land etabliert, bereit für weiteres Wachstum und internationale Anerkennung durch Offenheit, ausländische Investitionen und nachhaltige Entwicklung."
a9368258-6992-4bca-a799-38fc48a0c31d,2023-12-14 05:01:31+00:00,"Stuttgart (dpa) - Bei Porsche im Stammwerk Stuttgart-Zuffenhausen müssen sich in den kommenden Monaten viele befristete Mitarbeiter in der Produktion nach einem neuen Job umschauen. Betriebsratschef Harald Buck sagte der Deutschen Presse-Agentur: „Im kommenden Jahr laufen schrittweise circa 600 befristete Arbeitsverträge aus, die nicht nochmals verlängert werden können.“ Man sei gerade in Gesprächen mit der Unternehmensleitung, ob nicht ein Teil der Kolleginnen und Kollegen davon dauerhaft eingestellt werden könne. „Es zeichnet sich aber ab, dass nicht alle für immer übernommen werden können. Die ersten Beschäftigungsverhältnisse enden zum Januar.“ Ein Sprecher des Unternehmens sagte, ein befristetes Arbeitsverhältnis könne eine Chance sein, um bei Porsche zu einer Festanstellung zu kommen. Die Porsche AG habe ihre Belegschaft in den vergangenen zehn Jahren auf aktuell 24.700 Mitarbeiter nahezu verdoppelt. Darunter seien auch 2.400 Mitarbeiter mit einem befristeten Arbeitsverhältnis. „Demographische Entwicklungen haben in den vergangenen Jahren dazu geführt, dass zahlreiche Kollegen etwa über die Altersteilzeit aus dem Unternehmen ausgeschieden sind.“ Dadurch habe man überproportional viele Kollegen in ein unbefristetes Arbeitsverhältnis übernommen. So waren es 2021, 2022 und 2023 insgesamt 1 255 befristete Mitarbeiter, davon allein 1.115 in der Produktion, teilte das Unternehmen weiter mit. „Inzwischen haben wir wieder einen eingeschwungenen Zustand erreicht, sodass befristete Verträge in 2024 in größerem Umfang auslaufen.“ „Bei uns gibt es keine Leiharbeiter in der Produktion, sondern nur befristete Beschäftigte“, sagte Betriebsrat Buck weiter. Sie bekommen die tariflichen und betrieblichen Leistungen, die die Leiharbeiter nicht bekommen würden. Die Standortsicherung im Großraum Stuttgart gilt bis Mitte 2030, wie Buck mitteilte. In das Stammwerk wird seinen Angaben zufolge ordentlich investiert. „So wird aktuell das Karosseriewerk erweitert und es entstehen auch zusätzliche Logistikflächen.“ Der neue Boxster mit Elektroantrieb werde künftig in Zuffenhausen montiert. Die letzten Boxster mit Verbrennermotoren liefen gerade im VW-Werk in Osnabrück vom Band. © dpa-infocom, dpa:231214-99-291752/2"
52c12805-3a4d-465c-88d9-a0598272f211,2023-12-14 19:20:00+00:00,"Das Management der angeschlagenen VW-Softwaretochter Cariad und der Betriebsrat haben sich auf Eckpunkte für ein Sparprogramm geeinigt. Wie das Unternehmen am Donnerstagabend mitteilte, will Cariad seine internen Entwicklungskosten um 20 Prozent senken, um damit Volkswagens milliardenschwere Sparbemühungen zu unterstützen. Was dies für die 6500 Beschäftigten genau bedeutet, ließ das Unternehmen offen. Der Vorstand und Betriebsrat hätten sich darauf verständigt, auf betriebsbedingte Kündigungen zu verzichten und stattdessen ein freiwilliges Abfindungsprogramm anzubieten. ""Im Gegenzug wurde die bestehende Beschäftigungssicherung bis 2029 verlängert"", heißt es in der Mitteilung weiter. Das Effizienzprogramm werde 2024 gestartet und sei mit einem umfassenden Strukturumbau verbunden. Cariad-Chef Peter Bosch (49) hatte im Oktober dem Volkswagen-Konzernvorstand seine Sanierungskonzept vorgelegt. Dies sah nach Informationen von manager magazin vor, dass 2000 der 6500 deutschen Stellen gestrichen werden. Bosch wollte zudem die Hälfte der unter seinen Vorgängern angehäuften Beteiligungen wieder abgeben. Boschs Plan sah zudem vor, die Ausgaben für Softwaredienstleister und schließlich auch das Cariad-Budget von jährlich zuletzt rund vier Milliarden Euro deutlich zu reduzieren. Cariad hatte allein in den ersten neun Monaten dieses Jahres rund 2,5 Milliarden Euro Cash verbrannt. ""Wir kommen bei der Transformation von Cariad weiter gut voran – das mit der Arbeitnehmerseite verhandelte Eckpunktepapier ist dafür ein wichtiger Schritt"", ließ sich CEO Bosch in der Mitteilung zitieren. Cariad werde effizienter, stelle viele Prozesse um und optimiere seine Produkte. Ziel sei es, den Marken des Volkswagen-Konzerns wettbewerbsfähige Software für ihre Kunden zu liefern. Tatsächlich hatte der Volkswagen-Konzern in der Vergangenheit den Start für elektrische Modelle wie den Audi Q6 e-tron und den Porsche Macan wegen unzuverlässiger Software mehrfach verschieben müssen. Aktuell heißt es, die Modelle sollten im Frühjahr 2024 in den Handel gehen. An der Elektronikarchitektur E3 1.2, um die es geht, hängen indes mehr als die zwei genannten Modelle. Ohne die funktionierende Cariad-Software, die sowohl in Verbrenner- als auch Elektrofahrzeuge eingesetzt werden soll, können gut 60 neue Automodelle nicht gebaut werden. Hierzu erklärte das Management nun: ""Für die Architekturen E3 1.1 und E3 1.2 führt Cariad ein neues Steuerungsmodell ein, um die Lieferfähigkeit zu erhöhen."" Betriebsratschef Stefan Henze hatte die Pläne der Cariad-Spitze Ende Oktober massiv kritisiert. Jetzt zeigte er sich angesichts der getroffenen Vereinbarung optimistisch: Das Eckpunktepapier sei das Fundament für die Zukunft von Cariad. ""Wir werden effizienter, bleiben aber ein verlässliches Unternehmen, das seinen Mitarbeitenden eine Perspektive gibt."""
2df79588-401b-4add-aafa-0ba4d60eeda8,2023-12-16 13:50:52+00:00,"Porsche entlässt vor dem Jahresende hunderte Mitarbeiter aus einem Grund, welcher in letzter Zeit weniger gängig war. Es handelt sich dabei jedoch nicht um finanzielle Probleme. Porsche hat geschickt den wirtschaftlichen Schwierigkeiten getrotzt und es sieht so aus, als würde das nächste Jahr mit einem Triumph enden. Allerdings erlebt das Team einen herzzerreißenden Schlag des Schicksals. Das Unternehmen Porsche entlässt vor Weihnachten noch hunderte Mitarbeiter. Hunderte Mitarbeiter sind nach Weihnachten arbeitslos Es geht das Wort um, dass bei Porsche ein ungewöhnliches Szenario bevorsteht. Hierbei geht es nicht um die üblichen Gründe wie Sparsamkeit oder finanzielle Probleme, wie sie von anderen Automobilherstellern in letzter Zeit genannt wurden. Der Grund für das plötzliche Interesse liegt eher in einer Gruppe von zeitlich begrenzten Arbeitsverträgen. Diese nähern sich dem Ende und können nicht erneuert werden. Porsche, ein Anziehungspunkt für erstklassige Talente und bekannt für großzügige Bezahlung, hat wie andere Unternehmen in den letzten Jahren befristete Verträge mit Produktionsmitarbeitern abgeschlossen. Jetzt, da diese Verträge auslaufen, steht Hunderten von Mitarbeitern eine ungewisse Zukunft bevor. Insiderinformationen besagen, dass im kommenden Jahr etwa 600 solcher Verträge bei Porsche enden werden, ohne die Aussicht auf Verlängerung. Harald Buck, der Leiter des Betriebsrats, hat hervorgehoben, dass trotz Bemühungen, einige Mitarbeiter langfristig zu übernehmen, nicht alle diese Möglichkeit haben werden. Befristete Verträge laufen aus und sorgen für freie Stellen Dieser einschneidende Schritt erfolgte nicht aufgrund finanzieller Engpässe, sondern basiert auf den natürlichen Veränderungen in der Beschäftigungssituation bei Porsche. Demografische Verschiebungen und die Fluktuation von Mitarbeitern durch Altersteilzeit haben dazu geführt, dass nun vermehrt befristete Verträge auslaufen. Ein Sprecher des Unternehmens betonte, dass befristete Verträge bei Porsche eine Sprungbrett-Funktion für mögliche Festanstellungen und vielversprechende berufliche Entwicklungen haben. Im Gegensatz zu anderen Automobilherstellern, die in den letzten Jahren Stellen abgebaut haben, hat Porsche seine Belegschaft nahezu verdoppelt und setzt dabei nicht auf Leiharbeit, sondern auf zeitlich begrenzte Verträge."
c4813151-cf11-4277-aa12-8125874aa1af,2023-12-18 06:22:36+00:00,"Die Autoindustrie ist bekannt für ihre Vielfalt und Innovation, wobei ein besonderes Segment die Kleinserienhersteller umfasst. Marken wie Alpina, Bitter, 9ff oder AC Cars haben sich in dem Bereich einen Namen gemacht. Doch was genau sind die Voraussetzungen, um als Kleinserienhersteller zu agieren, und warum genießen die Unternehmen oft besondere Privilegien? Zunächst ist es wichtig, den Begriff der Kleinserie zu definieren. Im Automobilbereich spricht man von einer Kleinserie, wenn die Produktionszahl eines bestimmten Fahrzeugs eine festgelegte Grenze nicht überschreitet. Diese Grenze variiert je nach Land und den dort geltenden Gesetzen, liegt jedoch meist im Bereich von wenigen Hundert bis zu einigen Tausend Stück pro Jahr. alles zum Kleinserienhersteller Um als Kleinserienhersteller zu gelten und die entsprechende Produktionserlaubnis zu erhalten, müssen Unternehmen bestimmte Voraussetzungen erfüllen. Dazu gehört zunächst die Einhaltung von Sicherheits- und Umweltstandards, die jedoch oft weniger streng sind als bei Großserienherstellern. Das liegt daran, dass Kleinserienhersteller aufgrund ihrer geringeren Produktionsvolumen nicht denselben ökonomischen und technischen Möglichkeiten unterliegen. Ein weiterer Aspekt ist die Zulassung der Fahrzeuge. Kleinserienhersteller müssen ihre Modelle einer Typgenehmigung unterziehen, die bescheinigt, dass das Fahrzeug den geltenden Normen entspricht. Der Prozess ist aber oft weniger umfangreich als bei Massenherstellern, da die Fahrzeuge oft auf bereits genehmigten Plattformen anderer Hersteller basieren. Die Produktion selbst stellt ebenfalls eine Herausforderung dar. Kleinserienhersteller benötigen ein spezialisiertes Know-how und oft spezielle Produktionsanlagen (Werkzeuge), um die Fahrzeuge herzustellen. Das ist einer der Gründe, warum solche Unternehmen häufig in Nischenmärkten agieren und sich auf High-End- oder Spezialfahrzeuge konzentrieren. Ein interessanter Aspekt der Kleinserienherstellung ist die Möglichkeit, bestimmte regulatorische Ausnahmen zu nutzen. So dürfen die Hersteller etwa lautere Auspuffanlagen verbauen oder auf bestimmte, für Massenhersteller verpflichtende Technologien verzichten. Der Grund hierfür liegt in der Annahme, dass Kleinserienfahrzeuge einen geringeren Gesamteinfluss auf die Umwelt haben, da sie in viel geringeren Stückzahlen produziert und genutzt werden. Kleinserienhersteller sind individueller! Die Privilegien eröffnen Kleinserienherstellern die Möglichkeit, Fahrzeuge mit besonderen Eigenschaften zu bauen, die sich von der Masse abheben. Das kann sich auf Leistungsmerkmale, Design, Ausstattungen oder spezielle technische Lösungen beziehen. Solche Fahrzeuge sprechen oft eine spezifische Zielgruppe an, die Wert auf Individualität und Exklusivität legt. Ein wichtiger Faktor für Kleinserienhersteller ist zudem die Markenbildung. Die Unternehmen positionieren sich oft als exklusive, hochwertige Anbieter und nutzen ihre Flexibilität, um schnell auf Markttrends und Kundenwünsche zu reagieren. Das erfordert ein Verständnis für den Markt und die Fähigkeit, Produkte zu erschaffen, die sowohl technisch innovativ als auch emotional ansprechend sind. In der Regel ist alles teurer! Finanziell gesehen ist der Einstieg in die Kleinserienproduktion eine Herausforderung. Die Investitionen in Forschung und Entwicklung, Produktionstechnologien und die Zulassung der Fahrzeuge sind heftig. Kleinserienhersteller müssen daher oft auf eine Kombination aus Eigenkapital, Fördermitteln und möglicherweise auch Partnerschaften mit größeren Herstellern zurückgreifen. Schließlich spielen auch Kundenbeziehungen und After-Sales-Service eine Rolle. Kleinserienhersteller haben oft einen besonders persönlichen Kundenservice und individuelle Anpassungsmöglichkeiten. Das erfordert eine enge Zusammenarbeit mit den Kunden sowie ein umfassendes Service- und Wartungsnetzwerk. Zusammenfassend kann gesagt werden, dass die Kleinserienproduktion im Automobilbereich ein komplexes und anspruchsvolles Unterfangen ist. Es erfordert nicht nur technisches Know-how und finanzielle Ressourcen, sondern auch ein tiefes Verständnis für den Markt und die Bedürfnisse der Kunden. Für Autofans und Liebhaber von Nischenfahrzeugen sind Kleinserienhersteller jedoch mit den einzigartigen und oft maßgeschneiderten Fahrzeugen, die sich deutlich von der Massenproduktion abheben, ein Muss. Deutsche Kleinserienhersteller von Sportwagen wie Wiesmann, Artega, Gumpert, und Melkus hatten mit finanziellen Schwierigkeiten zu kämpfen. Wiesmann stellte exklusive Roadster her, musste aber 2013 Insolvenz anmelden. Artega versuchte, einen Porsche-Konkurrenten zu etablieren, meldete jedoch 2012 Insolvenz an. Gumpert, bekannt für leistungsstarke Sportwagen wie den Apollo, hatte ebenfalls finanzielle Probleme und stellte 2012 Insolvenz. Melkus versuchte, eine DDR-Legende wiederzubeleben, musste aber 2012 Insolvenz anmelden. Einige Hersteller, wie Roding Automobile, konnten sich jedoch behaupten. Übersicht: Kleinserienhersteller & Spezialfahrzeuge"
c9d99a8c-6a7f-4b59-81db-523cb84d16e6,2023-12-18 15:11:31+00:00,"Aktuelle Nachrichten des Mitteldeutschen Rundfunks finden Sie jederzeit bei mdr.de und in der MDR Aktuell App. Sachsen-Anhalts größter Automobilzulieferer IFA aus Haldensleben wird nach einer langen Durststrecke in diesem Jahr wieder schwarze Zahlen schreiben. Das Unternehmen werde ""erstmals seit sechs Jahren wieder einen Gewinn erzielen"", teilte eine Sprecherin der IFA am Montag mit. Trotz schwieriger Bedingungen in der Zulieferbranche seien auch die Prognosen für das kommende Jahr positiv. Grund für den Gewinn seien unter anderem gesunkene Kosten durch eine verschlankte Struktur in der Produktion. Zudem sei dem Unternehmen im vergangenen Jahr der größte Auftragsgewinn der Firmengeschichte gelungen. Allerdings sind nicht nur Erfolgsmeldungen aus Haldensleben zu hören. Vor rund einem Monat wurde bekannt, dass das Unternehmen eine Verlagerung der Produktion nach Polen prüfe. Dies beträfe nach Firmenangaben rund 100 Stellen. So solle vor allem die Zahl der Leiharbeitskräfte reduziert werden. Die IFA sicherte aber gleichzeitig zu, die Stammbelegschaft in der Börde halten zu wollen. Bildrechte: picture alliance/dpa | Klaus-Dietmar Gabbert Die IFA-Gruppe produziert Längswellen, Seitenwellen, Gelenke und Komponenten für Automobilhersteller. Zum Kundenkreis gehören eigenen Angaben zufolge etwa BMW, Ferrari, Ford, GM, Mercedes, Porsche und Volkswagen. Das Unternehmen ging aus dem DDR-Industriekombinat für Fahrzeugbau ""Ifa-Gelenkwelle"" hervor und wurde 1992 privatisiert. Rund 2.200 Beschäftigte arbeiten an sieben Standorten für die Gruppe mit Hauptsitz in Haldensleben."
87f3a080-84ca-488f-a729-293b8f477dac,2023-12-19 15:14:00+00:00,"Startseite Wirtschaft Porsche-Jobs: Nach VW und Audi entlässt auch Sportwagentochter Hunderte Arbeitnehmer Von: Patrick Freiwah Stellenabbau bei Porsche: Befristete Arbeitnehmer verdienen in Zuffenhausen ähnlich gut wie ihre Kollegen in Festanstellung. Doch nun fallen Hunderte Jobs weg. Stuttgart/München - Kürzlich wurde bekannt, dass Porsche in diesem Jahr tief in die Tasche greift, um seinen Angestellten das Weihnachtsfest 2023 finanziell zu versüßen. Doch täuscht die Maßnahme darüber hinweg, dass sich der Mutterkonzern in unruhigem Fahrwasser befindet und dies auch Folgen für die Sportwagentochter hat. Porsche reduziert die Jobs und vollzieht einen Stellenabbau im Stammwerk, so sind in Stuttgart-Zuffenhausen im Jahr 2024 Entlassungen unausweichlich. Bei hunderten Mitarbeitern läuft das Arbeitsverhältnis in den kommenden Monaten aus und wird nicht verlängert, bestätigte der Autobauer der Deutschen Presse-Agentur (dpa). „Im kommenden Jahr laufen schrittweise circa 600 befristete Arbeitsverträge aus, die nicht nochmals verlängert werden können“, erklärte hierzu Betriebsratschef Harald Buck. Porsche reduziert Jobs mit Stellenabbau in Zuffenhausen Vom Stellenabbau bei Porsche sind ausschließlich befristete Arbeitnehmer und -nehmerinnen betroffen, für manche von ihnen besteht dem Vernehmen nach Hoffnung auf eine Weiterbeschäftigung: Betriebsrat und Unternehmen befinden sich den Angaben zufolge in Gesprächen, inwieweit ein Teil der Kolleginnen und Kollegen dauerhaft eingestellt werden können. „Es zeichnet sich aber ab, dass nicht alle für immer übernommen werden können“, führt Buck aus. Die ersten Verträge in der Produktion laufen würden Ende Januar auslaufen. Gerade in den vergangenen Jahren seien bei Porsche etliche der befristeten Arbeitsverhältnisse in Festanstellungen umgewandelt worden: „Demografische Entwicklungen haben in den vergangenen Jahren dazu geführt, dass zahlreiche Kollegen etwa über die Altersteilzeit aus dem Unternehmen ausgeschieden sind“ - und dies sei ein Hauptgrund für die Nachbesetzung durch vormals befristet angestellte Personen gewesen. Auf diese Weise seien 2021 bis 2023 insgesamt 1255 Porsche-Jobs umgewandelt worden. „Inzwischen haben wir wieder einen eingeschwungenen Zustand erreicht, sodass befristete Verträge in 2024 in größerem Umfang auslaufen“, schildert Buck in Bezug auf die geplanten Entlassungen. Ähnliche Maßnahmen finden auch bei VW und Audi in Neckarsulm statt. Porsche investiert massiv in Zuffenhausen - Hunderte Jobs 2024 weg Die Porsche AG hat den Angaben zufolge ihre Belegschaft in den vergangenen zehn Jahren auf aktuell 24.700 Mitarbeiter nahezu verdoppelt, davon besäßen mehr als 2000 derzeit einen befristeten Arbeitsvertrag. Bei richtigen „Leiharbeitern“ würde es sich dabei jedoch nicht handeln - stattdessen erhalten auch diese tarifliche und betriebliche Leistungen, wie es ihre Kollegen in einer Festanstellung tun. Letztere sind für die kommenden Jahre von einem möglichen Stellenabbau nicht betroffen: Die Standortsicherung von Porsche für den Großraum Stuttgart läuft bis Mitte 2030, darüber hinaus investiert der Sportwagenbauer massiv in die Produktion. Vor wenigen Wochen erklärte Porsche, 250 Millionen Euro in die Modernisierung zu stecken. Im Stammwerk werden künftig Sportwagen mit Boxermotor sowie Elektrosportler gleichermaßen montiert. Auch mit dem Verkauf von SUV verdient die Nobelmarke viel Geld. (PF mit Material der dpa)"
7c8946bc-6dc5-4819-b33d-9badb9368613,2023-12-20 18:17:00+00:00,"SÜDWEST24 Südwest Baden-Württemberg Stuttgart Nach Audi nun Porsche – Hunderte Mitarbeiter in BaWü müssen gehen Von: Pauline Wyderka Stuttgart-Zuffenhausen - Porsche lässt Hunderte Mitarbeiter gehen. Ihre befristeten Verträge könnten nicht verlängert werden. Porsche in Stuttgart hat jahrelang auch in der Produktion befristete Mitarbeiter immer wieder übernommen. Das ändert sich nun. Viele müssen nach Ende ihres Vertrags einen neuen Arbeitsplatz suchen. Hunderte Verträge laufen 2024 aus, die nicht verlängert werden sollen. SÜDWEST24 berichtet. Porsche entlässt Hunderte Mitarbeiter – Verträge können nicht verlängert werden Einen Tag nach dem Audi bekannt gibt, dass der Konzern in seinem Werk in Neckarsulm Hunderte Zeitarbeiter entlässt, überbringt nun Porsche eine ähnliche Hiobsbotschaft. Betriebsratschef Harald Buck sagte der Deutschen Presse-Agentur: „Im kommenden Jahr laufen schrittweise circa 600 befristete Arbeitsverträge aus, die nicht nochmals verlängert werden können.“ Man sei gerade in Gesprächen mit der Unternehmensleitung, ob nicht ein Teil der Kolleginnen und Kollegen davon dauerhaft eingestellt werden könne. „Es zeichnet sich aber ab, dass nicht alle für immer übernommen werden können. Die ersten Beschäftigungsverhältnisse enden zum Januar.“ Porsche verdoppelte Mitarbeiterzahl – viele erhielten unbefristete Verträge Ein Sprecher des Unternehmens sagte, ein befristetes Arbeitsverhältnis könne eine Chance sein, um bei Porsche zu einer Festanstellung zu kommen. Die Porsche AG habe ihre Belegschaft in den vergangenen zehn Jahren auf aktuell 24.700 Mitarbeiter nahezu verdoppelt. Darunter seien auch 2.400 Mitarbeiter mit einem befristeten Arbeitsverhältnis. „Demographische Entwicklungen haben in den vergangenen Jahren dazu geführt, dass zahlreiche Kollegen etwa über die Altersteilzeit aus dem Unternehmen ausgeschieden sind.“ Dadurch habe man überproportional viele Kollegen in ein unbefristetes Arbeitsverhältnis übernommen. Keine Leiharbeit, sondern befristete Verträge – Porsche verteidigt Personal-Kurs So waren es 2021, 2022 und 2023 insgesamt 1.255 befristete Mitarbeiter, davon allein 1.115 in der Produktion, teilte das Unternehmen weiter mit. „Inzwischen haben wir wieder einen eingeschwungenen Zustand erreicht, sodass befristete Verträge in 2024 in größerem Umfang auslaufen.“ „Bei uns gibt es keine Leiharbeiter in der Produktion, sondern nur befristete Beschäftigte“, sagte Betriebsrat Buck weiter. Sie bekommen die tariflichen und betrieblichen Leistungen, die die Leiharbeiter nicht bekommen würden. Standort Zuffenhausen bis Mitte 2030 sicher – Werk wird erweitert Die Standortsicherung im Großraum Stuttgart gilt bis Mitte 2030, wie Buck mitteilte. In das Stammwerk wird seinen Angaben zufolge ordentlich investiert. „So wird aktuell das Karosseriewerk erweitert und es entstehen auch zusätzliche Logistikflächen.“ Der neue Boxster mit Elektroantrieb werde künftig in Zuffenhausen montiert. Die letzten Boxster mit Verbrennermotoren liefen gerade im VW-Werk in Osnabrück vom Band. (dpa/paw)"
7b13e7ab-5d6b-4ee0-ac9d-15fca578f5e3,2023-12-20 18:53:14+00:00,"Erst am vergangenen Freitag haben wir uns noch gefragt, was nun eigentlich mit der neuen CarPlay-Vollintegration passiert ist, die Apple in diesem Sommer angekündigt hat und damals versprach, konkretere Informationen zur ersten Projektpartner noch bis Ende des Jahres kommunizieren zu wollen. Keine Woche später haben sich nun die ersten Autobauer zum Thema zu Wort gemeldet. Dies zwar sehr verhalten und lediglich in Form von zwei offiziellen Grafiken, die an ausgewählte Pressevertreter ausgehändigt wurden, aber immerhin. Porsche und Aston Martin Bei den ersten beiden Autobauern, die jetzt offiziell ihr Mitwirken an der neuen CarPlay-Initiative bestätigt haben, handelt es sich um die beiden Edelmarken Porsche und Aston Martin. Beide Unternehmen haben heute eine Vorschau auf die Integration der erweiterten CarPlay-Anzeige gegeben, bei der das iPhone nicht nur den bekannten CarPlay-Bereich bespielt, sondern auch zusätzliche Instrumente, Kalendertermine, Bedienelemente und Statusanzeigen darstellen kann. Das neue CarPlay bei Aston Martin Während Aston Martin auf eine eher zurückhaltende Integration setzt und neben Geschwindigkeitsanzeige, Drehzahl und zentralem Info eigentlich nur die Elemente zur Bedienung der Klimaanlage abbildet, scheint sich Porsche voll und ganz auf die Kooperation mit Apple einzulassen. Der Stuttgarter Automobilbauer blendet neben dem zentralen CarPlay Dashboard zusätzliche Bedienelemente, Statusinformationen für Fahrer und Beifahrer, den Wetterbericht, die Geschwindigkeitsanzeige, die Navigation und einen gesonderten Telefonbereich in seinem Cockpit ein. Das neue CarPlay bei Porsche Was auffällt: die Integration ist nicht nur individuell auf die Fahrzeuge, sondern auch auf die Marken der Fahrzeughersteller zugeschnitten – mit kleinem Porsche-Loge und farblichen Details."
7bd32980-be8d-463e-bb92-f81986716d45,2023-12-20 18:54:00+00:00,"In einem Bestreben, Designs für seine CarPlay-Umgebung maßzuschneidern, arbeitet Apple mit Automobilherstellern zusammen, beginnend mit Porsche und Aston Martin. Das berichten unter anderem die Medien Coolhunting.com und Caranddriver.com. Die Hersteller bieten eine erste Vorschau auf die maßgeschneiderte CarPlay-Schnittstelle, die in ihren zukünftigen Modellen zum Einsatz kommen wird. Diese nächste Generation, die in alle Displays der Fahrzeuge integriert werden soll, behält das bekannte CarPlay-Erlebnis bei, unterscheidet sich jedoch durch spezielle Designelemente, die dann die jeweilige Automarke widerspiegeln sollen. Die CarPlay-Oberfläche von Porsche zeigt kreisförmige Anzeigen im Kombiinstrument und ein Hintergrundbild, das das markentypische Hahnentrittmuster der Sitze imitiert. Aston Martin hingegen bietet einen zentralen Informationsbildschirm, der von einem runden Tachometer und einem Drehzahlmesser umrahmt wird, mit einem Schriftzug „Handbuilt in Great Britain“. Die nächste Generation von CarPlay benötigt zwar ein iPhone für die Weitergabe von App-spezifischen Informationen, ist jedoch auf das Host-Fahrzeug angewiesen, um spezifische Daten zu liefern. Apple betone dabei, dass verbundene iPhones keine fahrzeugbezogenen Informationen speichern oder verfolgen. Zudem kann CarPlay dann Informationen aus dem fahrzeugeigenen Infotainmentsystem anzeigen, z. B. den Reifendruck. Obwohl Porsche keinen genauen Zeitrahmen für die Einführung der neuesten CarPlay-Version in seinen Modellen angegeben hat, kündigte Aston Martin an, dass die nächsten Modelle, u. a. das DB12 Coupé und Cabriolet (Volante), ab 2024 mit dem neuen Infotainmentsystem von Apple kompatibel sein sollen. Darüber hinaus können aufgrund der Verbindungen von Porsche und Aston Martin zu Volkswagen bzw. Lucid und Mercedes, auch diese Unternehmen in Zukunft diese Technologie in ihren Fuhrpark aufnehmen."
a9975eb1-e820-40f5-ba92-f241ac3193ce,2023-12-21 08:07:05+00:00,"Wer sind Sie? Person – Firma und Position? Mark Bayne, Vizepräsident für Vertriebstechnik, Cato Networks Warum unterstützt Ihre Firma das TAG Heuer Porsche Formel-E-Team? Cato Networks und das TAG Heuer Porsche Formel-E-Team passen hervorragend zusammen. Die ABB FIA Formel-E-Weltmeisterschaft ist die Zukunft des Rennsports, so wie Cato Networks die Zukunft der Vernetzung und Sicherheit ist. Beide Unternehmen nutzen bahnbrechende Technologien, um zu überlegener Leistung beizutragen. Cato Networks und Porsche haben eine Reihe gemeinsamer Werte. Der Wichtigste ist jedoch der gemeinsame Wunsch, den Fortschritt der Zukunft durch Innovation voranzutreiben. Das Engagement für die Nutzung von Daten, Technologie und menschlichem Fachwissen hat Porsche an die Spitze des Motorsports und der Automobilindustrie gebracht. Die Implementierung der Technologie von Cato Network, die mehrere Netzwerk- und Sicherheitsanforderungen erfüllt, bedeutet, dass die beiden Unternehmen zusammenarbeiten werden, um die Leistung von Mensch und Maschine auf ein neues Niveau zu heben. Was sind Ihre Ziele bezüglich der Partnerschaft? Wir wollen dem TAG Heuer Porsche Formel-E-Team einen echten Mehrwert bieten, indem wir die Technologie von Cato Networks implementieren und mehrere Netzwerk- und Sicherheitslösungen durch eine konsolidierte SASE-Plattform ersetzen, um Einfachheit und Leistung zu gewährleisten. Was war für Sie bisher das prägendste Moment in Bezug auf Ihr Engagement mit dem TAG Heuer Porsche Formel-E-Team? Die großartige Unterstützung durch das TAG Heuer Porsche Formel-E-Team, die eine gemeinsame Leidenschaft für die Nutzung neuer Technologien zeigt, um gemeinsame Erfolge zu erzielen. Was finden Sie an der ABB FIA Formel-E-Weltmeisterschaft so faszinierend? Dass es ein Sport mit einem Ziel ist. Er ist der Nachhaltigkeit, der ständigen Innovation und der Technologie verpflichtet und spiegelt den Weg von Cato zu einer kontinuierlichen Unternehmensleistung wider. Was macht Ihre Firma, um unter dem Motto #makeitmatter die Nachhaltigkeit zu fördern? Cato engagiert sich seit 2015 dafür, Unternehmen dabei zu helfen, ihre Netzwerk- und Sicherheitsinfrastruktur einfacher, agiler und flexibler zu gestalten. Dabei ersetzt Cato Networks überdimensionierte und unzureichend genutzte „Ressourcenfresser"" durch eine effiziente, mit grüner Energie betriebene Infrastruktur. Mit Cato können Sie Punktlösungen eliminieren, die oft in Form von physischen Geräten in Zweigstellen und Rechenzentren vorhanden sind. Cato ersetzt diese diskret verteilten Geräte durch eine gemeinsam genutzte Cloud-Infrastruktur, welche die erforderlichen Ressourcen für einen optimalen und sicheren Anwendungszugang für alle Benutzer und Standorte optimiert. Cato Networks Impact: Reduzierung des CO₂-Fußabdrucks von 1.000 Unternehmensstandorten alle drei Monate. Eine einzige Maschine innerhalb eines Cato Point of Presence (PoP) in der Cloud kann Hunderte von Standorten bedienen, anstatt Hunderte von Netzwerk- und Sicherheitsgeräten zu verwenden. Nutzungsbedingungen Porsche Newsroom 1. Alle auf dem Porsche Newsroom eingestellten Texte, Bilder, Graphiken, Ton-, Video- und Animationsdateien sowie deren Anordnung unterliegen dem Urheberrecht und anderen Gesetzen zum Schutz des geistigen Eigentums von Porsche. Sie dürfen – unter Angabe der jeweils ausgewiesenen Quelle – ausschließlich für redaktionelle Berichterstattung, nicht jedoch für Werbung oder für andere geschäftliche Zwecke verwendet werden. Eine Weitergabe, das Kopieren, das Bearbeiten, Verbreiten sowie der Einsatz auf Internetseiten zu anderen als redaktionellen Zwecken ist nicht gestattet. 2. Eine Nutzung der Inhalte des Newsroom, insbesondere der Bilder, in einem Buchprojekt (oder vergleichbarer kommerzieller Nutzung) ist nicht gestattet. Die Nutzung muss zuerst bei der Dr. Ing. h.c. F. Porsche AG angefragt und vorab genehmigt werden. Kontakt zur Lizenzanfrage für Buchprojekte: archiv@porsche.de 3. Alle auf dem Porsche Newsroom genannten Logos und Marken sind – falls nicht anders angegeben -- geschützte Marken der Dr. Ing. h.c. F. Porsche AG (nachfolgend: Porsche AG), einschließlich (aber nicht nur) das Porsche Wappen, der Porsche Schriftzug und die Modellreihennamen. 4. Alle Inhalte des Porsche Newsroom sind sorgfältig recherchiert und zusammengestellt. Dennoch können die Informationen Fehler oder Ungenauigkeiten enthalten. Hinsichtlich der Ergebnisse, die durch die Nutzung der Informationen erzielt werden können, insbesondere in Bezug auf Richtigkeit, Vollständigkeit und Aktualität übernimmt die Porsche AG keine Haftung. 5. Wir weisen ausdrücklich darauf hin, dass die auf dem Porsche Newsroom abgebildeten Produkte nicht immer mit den landesspezifischen Produkten übereinstimmen müssen. Aussagen über gesetzliche, rechtliche und steuerliche Vorschriften haben nur für die Bundesrepublik Deutschland Auswirkung. 6. Bei der Nutzung des Porsche Newsroom sind technische Störungen, beispielsweise Verzögerungen bei der Nachrichtenübermittlung, nicht auszuschließen. Die Porsche AG übernimmt für daraus resultierende Schäden keine Haftung. 7. Soweit auf dem Porsche Newsroom auf Internetseiten Dritter verwiesen wird (Links), übernimmt die Porsche AG keine Verantwortung für die Inhalte der verlinkten Seiten. Mit dem Bestätigen des Verweises verlässt der Nutzer das Informationsangebot der Porsche AG. 8. Mit Anerkennung dieser Nutzungsrechte verpflichtet sich der Nutzer, jede missbräuchliche Nutzung des Porsche Newsroom zu unterlassen. 9. Im Falle missbräuchlicher Nutzung behält sich die Porsche AG das Recht vor, den Zugang zum Porsche Newsroom zu sperren. 10. Sollten einzelne Bestimmungen dieser Nutzungsbedingungen unwirksam sein oder werden, so bleibt die Wirksamkeit der übrigen Bestimmungen davon unberührt."
b2f9edd3-e5ab-495a-9fc1-9e1ddc59d438,2023-12-21 09:00:03+00:00,"Während wir uns im November schon fragten, wo Apples Carplay der nächsten Generation denn nun bleibe und manche gar schon davon ausgingen, Apple werde seinen versprochenen Zeitplan nicht einhalten, gibt es jetzt neue Informationen. Das passt zu Apples Ansage, bis Ende 2023 erste Ankündigungen zu Fahrzeugen zu machen. Das Unternehmen hat zwei Autobauer genannt, die das neue Carplay in ihre Autos holen werden. Apple Carplay der nächsten Generation: Porsche und Aston Martin sind an Bord Eine offizielle Ankündigung zu den Partnerschaften hat Apple nicht veröffentlicht, uns liegen allerdings Zitate und auch Bildmaterial vor. Beides soll zeigen, wie sich die Carplay-Nutzeroberfläche in die Fahrzeuge verschiedener Autobauer integrieren lässt. Zuerst hatten Car and Driver und Mac and I berichtet. Laut Apple werden zuerst Porsche und Aston Martin die neue Carplay-Nutzeroberfläche in ihre Fahrzeuge integrieren. Welche Modelle den Anfang machen werden, haben weder die Autobauer noch der iPhone-Hersteller verraten. Wie Apple schreibt, habe das Unternehmen „eng mit den Autoherstellern zusammengearbeitet, um ein Erlebnis zu schaffen, das das Beste von iPhone und jedem Autohersteller zusammenbringt und eine einheitliche, konsistente Schnittstelle bietet, die für jedes Fahrzeug einzigartig ist“. Das Thema Einzigartigkeit spielt bei Autobauern eine elementare Rolle, denn vor allem die Premiumhersteller wollen eine Nutzer:innenerfahrung aus einem Guss, die letztlich den Anspruch der Marke widerspiegelt. Beim Carplay der neuen Generation befürchteten einige Hersteller, sich so zu Blechbiegern degradieren zu lassen. Carplay: Das iPhone regiert im Auto … Diese Furcht kommt nicht von ungefähr, denn beim Verbinden eines iPhones mit dem Fahrzeug kann die iPhone-Software gewissermaßen sämtliche Fahrzeug-Bildschirme kapern. Vom Infotainment-Display bis hin zum Kombi-Instrument des Autos hinter dem Lenkrad steht alles unter Apples Kontrolle. Neben den Funktionen wie Radio und Navigation können mit dem neuen Carplay weitere Funktionen des Autos, wie etwa die Temperatur­regelung, direkt gesteuert werden. Unter Verwendung der Fahrzeugdaten soll Carplay zudem nahtlos die Geschwindigkeit, den Kraftstoffstand, die Temperatur und mehr auf dem Kombi-Instrument anzeigen, so Apple. Ferner bietet die Software Optionen „zur Personali­sierung, von Widgets bis zu ausgewählten Designs für die Anzeigen“ an. … in enger Abstimmung mit den Autobauern Dass Porsche und Aston Martin sich für den Support des neuen Carplay entschieden haben, dürfte mit den Möglichkeiten zusammenhängen, die Apple den Autobauern bietet. Denn „die nächste Generation von Carplay ermöglicht es Automobilherstellern, ihre Markenqualitäten und -merkmale durch ein einzigartiges Fahrzeugerlebnis zu repräsentieren, das ihre reiche Geschichte, ihre Werte und ihre Vision verkörpert“, so Apple. Bei der Ankündigung des Next-Gen-Carplay im Juni 2022 war zunächst ungewiss, wie die Möglichkeiten der Mitgestaltung für die Autobauer aussehen würden. Wie Alan Dye, Vice President of Human Interface Design bei Apple, erklärt, erfolgt die Entwicklung von Carplay in enger Zusammenarbeit mit den jeweiligen Autobauern: „Für die nächste Generation von Carplay haben wir uns mit Autoherstellern zusammengetan, um ein völlig neues, einheitliches Erlebnis zu schaffen, das das Beste von Apple und jedem einzelnen Autohersteller in sich vereint. Es ist eine Mischung aus der persönlichen iPhone-Erfahrung der Anwender:innen und der starken Markenidentität des jeweiligen Automobilherstellers.“ Carplay 2.0: 2024 wird spannend Im Zuge des WWDC-2022-Teasers hatte Apple schon erste Autobauer genannt, mit denen der Konzern am Next-Gen-Carplay arbeite. Porsche gehörte damals schon zu den kommunizierten Partnern – Aston Martin indes nicht. Beide haben sich zwar zu dem neuen Infotainment-Aufsatz bekannt, bei Porsche ist aber nicht klar, wann das erste Modell mit der Carplay-Version erscheinen soll. Man könnte spekulieren, dass der neue vollelektrische Macan, der Anfang 2024 erwartet wird, schon die neue Carplay-Version an Bord hat. Aston Martin lässt sich derweil etwas tiefer in die Karten schauen, da der Premiumautobauer verrät, dass das neue Carplay mit dem neuesten Infotainment-System kompatibel ist. Dieses werde ab 2024 in Fahrzeugen wie dem DB12 Coupé und dem DB12 Cabrio eingeführt. Abzuwarten ist derweil, wann die weiteren angekündigten Partner wie Acura, Audi, Ford, Honda, Infiniti, Jaguar, Land Rover, Lincoln, Mercedes, Nissan, Polestar, Renault und Volvo den Carplay-2.0-Start bekannt geben – oder ob überhaupt."
b63e125e-3562-425a-a86f-022d8295e060,2023-12-22 11:00:00+00:00,"Kürzlich gab Porsche bekannt, dass es in diesem Jahr großzügige Weihnachtsprämien an seine Mitarbeiter für das Jahr 2023 auszahlt. Doch hinter den Kulissen deuten sich Probleme an, deshalb will Porsche 600 auslaufende Zeitverträge nicht mehr verlängern (merkur: 19.12.23). Drastischer Stellenabbau bei Porsche im Jahr 2024: Hunderte befristete Verträge enden Porsche reduziert Stellen und plant im Jahr 2024 Entlassungen in seinem Stammwerk in Stuttgart-Zuffenhausen. Hunderte Mitarbeiter mit befristeten Verträgen werden in den kommenden Monaten ihre Beschäftigung beenden, wie die Deutsche Presse-Agentur (dpa) berichtet. Harald Buck, der Vorsitzende des Betriebsrats, bestätigte: „Etwa 600 Zeitverträge laufen im nächsten Jahr nach und nach aus und können nicht verlängert werden.“ Porsche kürzt Stellen mit einem Stellenabbau in Zuffenhausen. Die Stellenkürzungen betreffen ausschließlich befristete Mitarbeiter, von denen einige die Hoffnung auf eine dauerhafte Anstellung haben. Der Betriebsrat und das Unternehmen befinden sich in Gesprächen darüber, ob einige dieser Mitarbeiter dauerhaft zu übernehmen. Buck fügt hinzu: „Es zeichnet sich jedoch ab, dass nicht alle dauerhaft übernommen werden können“. Die ersten Verträge in der Produktion laufen Ende Januar aus. Porsche wandelt befristete Verträge um, aber Hunderte Arbeitsplätze bedroht In den letzten Jahren hat Porsche viele befristete Verträge in unbefristete Positionen umgewandelt. Dies geschah vor allem wegen demografischer Veränderungen und der Pensionierung vieler Mitarbeiter. Zwischen 2021 und 2023 wurden insgesamt 1.255 Porsche-Jobs auf diese Weise umgewandelt. Buck erklärt: „Jetzt sind wir wieder in einer stabilen Situation, weshalb eine große Anzahl von Zeitverträgen im Jahr 2024 auslaufen wird.“ Ähnliche Maßnahmen finden auch bei VW und Audi in Neckarsulm statt. Porsche investiert massiv in Zuffenhausen, aber Hunderte von Arbeitsplätzen gehen wohl im Jahr 2024 verloren. In den letzten zehn Jahren hat die Porsche AG ihre Belegschaft fast verdoppelt und beschäftigt derzeit 24.700 Mitarbeiter, von denen über 2.000 befristete Verträge haben. Es ist jedoch erwähnenswert, dass diese befristeten Mitarbeiter die gleichen Vertrags- und Unternehmensleistungen erhalten wie ihre fest angestellten Kollegen. Festangestellte Mitarbeiter, die von den bevorstehenden Stellenkürzungen nicht betroffen sind, haben bis Mitte 2030 Jobgarantie, dank Porsches Engagement für die Region Stuttgart. Darüber hinaus investiert der Sportwagenhersteller massiv in die Produktion und kündigte kürzlich eine Investition von 250 Millionen Euro in die Modernisierung an. Im Zuffenhausener Werk werden sowohl Sportwagen mit Boxermotor als auch Elektrosportwagen produziert. Porsche erzielt auch beträchtliche Einnahmen aus dem Verkauf von SUVs. Lesen Sie auch:"
f73ca975-a03a-42a8-b9ad-f82ab08d36f3,2023-12-27 08:12:00+00:00,"Dresden - Starke Motoren und Geschwindigkeit - dank Fahrsimulatoren und 3D-Computerspielen kann jeder den Nervenkitzel der Rennpiste zu Hause erleben. Ohne Altersbegrenzung und Führerschein. Das geht jetzt auch auf echten Rennstrecken - mit dem Dresdner Unternehmen Racepool99! ""Wir sind der einzige Anbieter auf der Welt, bei dem Jugendliche im Alter von 14 bis 18 Jahren auf einer abgesperrten Rennstrecke einen Porsche 911 GT3 fahren können. Ohne Führerschein"", sagt Racepool99-Chef und Ex-Motorradrennfahrer Steve Mizera (48) stolz. ""Wir werden 2024 rund 250 Fahrten an insgesamt 15 Terminen auf dem Lausitzring, in Oschersleben und auf dem Spreewaldring anbieten."" Preis: 199 Euro. Die Saison beginnt am 9. April und endet am 7. Oktober. ""Sicherheit ist unser oberstes Gebot. Nach einer 20-minütigen Einführung erfolgt die Einweisung ins Fahrzeug mit Hinweisen zur Rennstrecke"", so Mizera. Dann heißt es Anschnallen und Gas geben! Mit bis zu 160 Stundenkilometern jagen die Nachwuchs-Piloten über die Piste. ""Natürlich sitzt ein Rennprofi mit im Porsche, der wie ein Fahrschulauto mit doppelter Bremse, Kupplung und Gas ausgerüstet ist. Wir können auch jederzeit ins Lenkrad greifen."" Mizera weiß aus Erfahrung: ""Gestandene Männer überschätzen sich am schnellsten. Frauen und junge Menschen sind für Hinweise empfänglicher."" Zwei, drei Runden können die Hobby-Piloten selbst drehen, dann als Beifahrer in einem weiteren Rennwagen mitfahren."
84b93ea8-f149-493c-9c91-72977980d2ec,2023-12-27 08:45:33+00:00,"Reallohn-Einbrüche bei den Arbeiter:innen, Kürzungen im Bundeshaushalt – doch in den Chefetagen deutscher Konzerne dürften die Sektkorken knallen: Die größten 100 deutschen Unternehmen können im Jahr 2023 erneut Rekordgewinne verzeichnen. Automobilhersteller und deren Zulieferer profitierten dabei besonders stark. Am 26. Dezember veröffentlichte die Prüfungs- und Beratungsorganisation EY eine Analyse der wirtschaftlichen Entwicklung der 100 größten deutschen Unternehmen in den ersten drei Quartalen von 2023. Dabei ergab sich vor allem ein Ergebnis: Trotz eines Rückgangs des Gesamtumsatzes konnten deutsche Großkonzerne ihre Gewinne steigern. Insgesamt sank der Umsatz der Top-Unternehmen in den ersten neun Monaten des Jahres um ca. 9%. Das betrifft aber bei weitem nicht alle untersuchten Konzerne: Zwei Drittel der Top 100 konnten ihren Umsatz im Vergleich zum Vorjahr sogar steigern. Laut EY ist diese Entwicklung vor allem auf den starken Rückgang bei Energieversorgern zurückzuführen. Automobilhersteller sind die größten Gewinner Besonders profitabel war das Jahr 2023 für die Automobilhersteller und -zulieferer. Die Automobilbranche war mit rund 11% Umsatzsteigerung nicht nur die einzige, die ein zweistelliges Wachstum verzeichnen konnte, auch beim Gewinn sind Autokonzerne ganz vorn mit dabei. Mit einem Profit von jeweils ca. 14 bis 16 Milliarden Euro von Januar bis September sind Volkswagen, Mercedes Benz und BMW die drei gewinnstärksten Unternehmen der Branche. Dies wird insbesondere die dahinter stehenden Familienclans reicher machen, bei VW ist das etwa die Familie Porsche/Piëch, bei BMW die Familie Quandt. Mit diesen Zahlen kann sonst nur die Deutsche Telekom mithalten: sie schaffte es mit 15,6 Milliarden Euro Gewinn über den betrachteten Zeitraum auf Platz 2 im Gewinnranking. Im vergangenen Jahr hatte es schon einmal Rekordgewinne bei DAX-Konzernen gegeben. 55.000.000.000€: Deutsche Aktien-Konzerne zahlen an Kapital-Eigner so viele Milliarden aus wie nie zuvor In anderen Wirtschaftssektoren sieht es weniger rosig aus: Nach dem Boom durch die Corona-Pandemie erlebten Unternehmen in der Gesundheitsbranche insgesamt einen Umsatzverlust von rund 12%. Auch Logistikunternehmen (-14%) und die Chemiebranche (-20%) sind stark geschrumpft. Kein guter Ausblick für 2024 Doch auch für die größten deutschen Unternehmen ist der Ausblick auf das kommende Jahr nicht sonderlich vielversprechend. Laut Henrik Ahlers, dem Vorsitzenden der EY-Geschäftsführung, dürfe man für 2024 keine großen Wachstumssprünge erwarten. Für diese Entwicklung gibt es wohl zwei Hauptgründe: Zum einen ist ein Rückgang zu erwarten, da sich die Bedingungen der Corona-Pandemie langsam normalisieren. Diese hatten unter anderem Lieferengpässe in der Chip-Industrie zur Folge, was wiederum zu einer erheblichen Diskrepanz zwischen Angebot und Nachfrage zum Beispiel in der Autoindustrie führte. Solche Unstimmigkeiten erlaubten es Großkonzernen, zwischenzeitlich Rekord-Margen zu erzielen. Damit ist jetzt aber Schluss. Zusätzlich zur Normalisierung wird auch ein Nachfrage-Rückgang sowohl bei Unternehmen als auch Arbeiter:innen erwartet. Als Grund für diese Entwicklung führt Ahlers an, dass „die weltweiten politischen Unsicherheiten und Kriege“ zu „erheblicher Verunsicherung sowohl bei Unternehmen als auch bei der Bevölkerung“ führten. Des weiteren sei die Kaufkraft der meisten Arbeiter:innen in Folge der Teuerungen der letzten Jahre deutlich gesunken. Dies dürfte einen weiteren Grund für den erwarteten Rückgang der Nachfrage darstellen."
d9010163-6da7-4ab4-b746-e6ea9ad6ab2c,2023-12-27 13:55:00+00:00,"Trotz einer starken DAX-Performance 2023 hat die VW-Aktie mit einem Minus von drei Prozent auf Jahressicht erneut enttäuscht. Seit März 2021 fällt die Kursentwicklung mit einem Verlust von über 50 Prozent nochmals deutlich schwächer aus. Ein Finanzexperte meint nun, die Schuldigen für den Wertverfall gefunden zu haben. Bert Flossbach, Mitgründer des Finanzdienstleistungsinstituts Flossbach von Storch erklärte gegenüber der Financial Times, verantwortlich für die Probleme im Konzern und damit auch die Kursschwäche sei die Aktionärs-Struktur des Konzerns. Konkret kritisiert Flossbach die Unterteilung in Stamm- und Vorzugsaktien. Da die Vorzüge keine Stimmrechte enthalten, kontrollieren die Porsche-Piëch-Familie die Porsche Holding und das Bundesland Niedersachsen trotz eines Aktien-Anteils von zusammen nur 43,7 Prozent, 73,3 Prozent der Stimmrechte. Die Unterteilung in Stämme und Vorzüge sind zwar ungewöhnlich, auch andere Unternehmen setzen auf diese Struktur. Problematisch sind jedoch die Interessen der Großaktionäre, so Flossbach. Die Porsche-Piëch-Familie werde von Zielen angetrieben, die nicht finanzieller Natur seien und die Kontrolle über das Unternehmen scheine, dem Selbstzweck zu dienen. Niedersachsen dagegen schade mit dem Interesse möglichst viele Arbeitsplätze in dem Bundesland und Deutschland zu halten. Das hindere VW allerdings daran große Einsparungen zu machen, etwa indem die Produktion verstärkt ins Ausland verlegt werde. Dass bei VW aktuell nicht alles rund läuft ist bekannt. Auch die Aktionärs-Struktur trägt dazu bei. Dennoch arbeiten die Wolfsburger aktuell daran, die Kosten massiv zu senken und die Profitabilität zu steigern. Mit Einstellungs- und Beförderungsstopps oder der Schließung mehrerer Produktionslinien wurden die ersten Schritte bereits unternommen. Positiv dürfte sich auch die aktuell lahmende Verbreitung der E-Autos auswirken. Hier hinkt VW noch hinterher, hat nun aber auch mehr Zeit für die Elektrifizierung des Portfolios."
61011d01-5c9f-4d34-ab21-5d2889d94e06,2023-12-27 14:07:25+00:00,"Startseite Mobility ELEKTROAUTO Nio ET9 mit Wechselakku vorgestellt: Chinesischer Luxus gegen BMW, Porsche und Mercedes 27. Dezember 2023 um 15:07 Uhr Der chinesische Hersteller Nio gibt mit der Vorstellung des ET9 im Rahmen der Nio Days den Einstieg ins Luxussegment bekannt. Das E-Auto ist vollgestopft mit Technik. Riesiges Glasdach, beheizbare und belüftete Sitze, aktive Geräuschunterdrückung, riesige Displaylandschaften, aktive Federung, Hinterradlenkung, Steer-by-wire, LiDAR für teilautonomes Fahren, Wechselakku, 520 kW Leisung: Der Nio ET9 will es mit Luxuskarossen von BMW, Mercedes, Audi und Porsche aufnehmen und fährt dazu beeindruckende Technik auf. Vorstellung Nio ET9 Nio ist ein hierzulande noch weitestgehend unbekannter Hersteller von Elektroautos. Aufmerksamkeit erlangte das chinesische Unternehmen, bei dessen Marktstart in Deutschland Netzwelt vor Ort war, durch seine Wechselakku-Strategie. Die Idee gewinnt immer mehr an Fahrt. Auf dem Nio Day im chinesischen Xi'an stellte das Unternehmen auch vor den Augen eingeladener deutscher Nutzer nun das Flaggschiff-Modell ET9 vor, griff dabei ganz oben ins Regal. Der neu vorgestellte NIO ET9 integriert die neuesten Forschungs- und Entwicklungsleistungen und präsentiert ein Paket aus Flaggschiff-Exterieur, geräumigem Interieur, immersivem Erlebnis, effizientem Aufladen und intelligenten Technologien. Nio Nio zielt mit der Limousine auf Geschäftskunden ab, die es möglichst bequem haben wollen. Auf einer stolzen Länge von 5,32 Metern und einem Radstand von 3,25 Metern finden vier Einzelsitze Platz. Allein die Rücksitze verfügen laut Hersteller über 24 von Nio patentierte Technologien. Auch beim Laden soll es besonders schnell und fortschrittlich zugehen. Akkutausch in 3 Minuten, Aufladen in 5 Minuten Dank einer 900-Volt-Architektur kann das Elektroauto in der Theorie binnen fünf Minuten genügend Strom für 255 Kilometer Reichweite in seinen Akkus speichern. Oder Fahrerinnen und Fahrer nutzen eine der vollautomatisierten Akkutauschstationen. Diese gibt es auch in Deutschland, erinnern ein wenig an Waschstraßen. Binnen weniger Minuten wird der komplette Akku des Elektroautos gegen einen vollgeladenen getauscht. Nio hat auf dem Nio Day die nunmehr vierte Generation dieser Swap Stations vorgestellt, die den Akkutausch nun noch schneller, binnen drei Minuten bewerkstelligen sollen. Nio ET 9 kaufen: Preis und Verfügbarkeit Offiziell ist der Marktstart für den Nio ET9 für 2025 angesetzt. Dennoch lässt sich das Elektroauto in China zum Preis von umgerechnet rund 100.000 Euro bereits vorbestellen. Wann das Auto nach Deutschland kommt, ist noch offen. Weitere Neuigkeiten aus dem Bereich der Elektromobilität lest ihr hier. Volvo hat unlängst etwa den neuen EX30 vorgestellt."
90c51402-b404-4670-b238-49fc1c640dc2,2023-12-27 14:58:18+00:00,"Aktuelle Nachrichten des Mitteldeutschen Rundfunks finden Sie jederzeit bei mdr.de und in der MDR Aktuell App. Wegen der aktuellen Absatzschwäche bangen viele Zulieferbetriebe in Sachsen um ihre Zukunft. Viele seien reine Fertigungsstandorte für die E-Auto-Produktion, sagte Andreas Wächtler vom Branchenverband AMZ der Deutschen Presse-Agentur (dpa). Allein im Landkreis Zwickau gebe es nur in sechs von 41 Zulieferern eine eigene Forschungs- und Entwicklungsabteilung. Die meisten Betriebe seien davon abhängig, wie sich die Rahmenbedingungen für die Produktion entwickeln. Handlungsbedarf sieht Wächtler daher vor allem bei den Energiepreisen, der Verfügbarkeit von Personal und beim Abbau von Bürokratie. ""Wenn sich das Blatt nicht rigoros wendet, werden wir viele Unternehmen verlieren"", warnte er. Wenn sich das Blatt nicht rigoros wendet, werden wir viele Unternehmen verlieren. Andreas Wächtler Branchenverband AMZ Viele sächsische Zulieferer hängen demnach direkt an den großen Autobauern. Neben Volkswagen mit seinen Standorten in Zwickau, Chemnitz und Dresden sind das auch BMW und Porsche in Leipzig. War das Zwickauer VW-Werk Vorreiter beim Umstieg auf E-Autos, haben sich dort zuletzt die Negativmeldungen wegen schleppender Nachfrage und wachsender Konkurrenz gehäuft. Mit dem Wegfall der staatlichen Kaufprämie könnte sich die Situation im kommenden Jahr verschärfen. Die Stimmung der Beschäftigten sei angespannt, sagte Betriebsratsvize Kristin Oder. Elektro-Autos gehöre die Zukunft, versichert dagegen Wächtler. ""Wir werden hier in den kommenden Jahren noch große Entwicklungen sehen."" Wirtschaftsminister Dulig: Volkswagen muss sich das Volk leisten können Bei den großen Autobauern und den rund 780 Zulieferbetrieben sind in Sachsen knapp 100.000 Menschen beschäftigt. Doch zögerten viele Menschen derzeit beim Kauf von E-Autos. Hier sieht der sächsische Wirtschaftsminister Martin Dulig (SPD) die Hersteller in der Pflicht, vor allem mit Blick auf die hohen Preise der Fahrzeuge. ""Ich wünsche mir, dass Volkswagen wieder ein Auto wird, das sich das Volk leisten kann."" Ich wünsche mir, dass Volkswagen wieder ein Auto wird, das sich das Volk leisten kann. Martin Dulig Wirtschaftsminister Sachsen Dabei könnten gute Leasingangebote helfen. Beim Ausbau der Ladeinfrastruktur sei Sachsen gut vorangekommen und werde auch nicht nachlassen. Mit Blick auf die Transformation der Auto-Industrie bezeichnete Dulig die aktuelle Situation als Delle. ""Wir müssen schauen, dass diese Delle überwunden wird und wir E-Mobilitätsland Nummer eins in Europa bleiben."" Jedes vierte in Europa gebaute vollelektrische Auto komme aus Sachsen. Automatisierung soll Schlüssel zum Erfolg werden ""Wir sind dabei, neue Themen zu forcieren"", erklärte Wächtler für die Zulieferer im Freistaat. Ein wichtiges Feld sei automatisiertes Fahren. Dazu verwies er etwa auf die CADA-Allianz in Chemnitz, zu der Unternehmen wie FDTech, Baselabs und Intenta als innovative Technologiefirmen der regionalen Automobilbranche.gehören. Der Bereich sei sehr softwarelastig. Ziel sei es auch, in der Region Zwickau und Chemnitz ein Projekt zu etablieren, mit dem automatisiertes Fahren auf der Straße besser erprobt werden soll. Dabei gehe es auch um Warentransporte. Darüber hinaus sieht Wächtler Potenzial bei Automatisierung und Robotik in der Fertigung. Dadurch könnten die Unternehmen einerseits Personalkosten verringern und dem Fachkräftemangel begegnen. Andererseits könnte sich die Branche so einen Vorsprung erarbeiten. Denn viele ausländische Autobauer setzten auf wenig Vielfalt, sagte Wächtler. Das betreffe etwa Farbe und Ausstattung ihrer Fahrzeuge . ""Wenn wir es schaffen, eine Fertigung in Variantenvielfalt durchzuautomatisieren, hätten wir ein wichtiges Alleinstellungsmerkmal."" Hierzu gebe es gute Anknüpfungspunkte zu Forschungseinrichtungen in der Region. Arbeitsagentur: Konkurrenz bei E-Autos ist neue Herausforderung Bei Klaus-Peter Hansen, der Chef der sächsischen Landesarbeitsagentur, schlagen nach eigener Aussage beim dem Thema zwei Herzen in seiner Brust. ""Wenn ich die Zeitachse etwas größer ziehe, relativieren sich die aktuellen Ereignisse"", sagte er MDR SACHSEN. In den vergangenen zehn Jahren habe die Automobilindustrie in Sachsen einen Personalzuwachs von mehr als 40 Prozent erlebt. Das sei die eine Perspektive. ""Die zweite Perspektive ist, dass die Automobilindustrie in Sachsen mit der E-Mobilität eigentlich eine Erfolgsgeschichte schreibt. Aber jetzt gibt es einen Wettbewerbsdruck nach der Transformation."" Es gebe jetzt viele Hersteller, insbesondere aus China, die auf den deutschen Markt drängten und mit Modellen wie ID.3, ID.4 oder ID.5 von VW konkurrierten. ""Das ist nach dem gelungenen Transformationsprozess ein neue Herausforderung."" Derzeit habe man eine Arbeitslosenquote von weniger als fünf Prozent. ""Aber es gibt Zyklen und Wiederholungen. Bei manchen Dingen beginnt man wieder von vorn."" Man könne stolz darauf sein, was die Menschen in Sachsen und die Unternehmenslenker geleistet haben in den vergangenen Jahren. ""Unsere Automobilindustrie ist nicht der Platzhirsch auf der Welt und muss sich weiter dem Wettbewerb stellen mit den entsprechenden Folgen."" Automobilexperte Dudenhöffer befürchtet starken Rückgang der Zulassungen bei E-Autos Nach Angaben des ""Handelsblattes"" wurden in Deutschland von Januar bis November 2023 rund 470.000 Elektroautos neu zugelassen. Automobilexperte Ferdinand Dudenhöfer sagte der Zeitung, dass er im kommenden Jahr mit einem starken Rückgang der Zulassungszahlen in diesem Segment rechne. ""Wir kalkulieren mit 90.000 bis 200.000 Fahrzeugen weniger“, sagte er. Aktuell fahren demnach 1,3 Millionen Stromer auf deutschen Straßen. Bis 2030 sollen es nach dem Willen der Bundesregierung 15 Millionen werden."
b2385345-c46e-4232-a339-02b4a3ff2208,2023-12-28 12:42:00+00:00,"Der chinesische Smartphone-Hersteller Xiaomi hat sein erstes Elektroautomodell vorgestellt. Xiaomi-Chef Lei Jun präsentierte in Peking die Limousine SU7, die 2025 in den Handel kommen soll. Lei sagte, Ziel von Xiaomi sei es, »in 15 bis 20 Jahren harter Arbeit« einer der fünf größten Automobilhersteller weltweit zu werden. Der Konzern wolle ein »Traumauto vergleichbar mit Porsche und Tesla« bauen. Xiaomi gehört zu den größten Smartphone-Herstellern Chinas. Das Unternehmen produziert auch Tablets, Smartwatches, Kopfhörer und Elektroroller. Lei sagte am Donnerstag, alle Geräte von Xiaomi könnten über eine firmeneigene Software mit den Fahrzeugen vernetzt werden. 2021 hatte Xiaomi angekündigt, auch Autos herzustellen. Die Autos für Xiaomi zusammenbauen wird der chinesische Hersteller BAIC, die Batterien sollen von BYD und CATL kommen. Die Elektroautos sollen eine Reichweite von 800 Kilometern haben. Xiaomi war 2010 gegründet worden und ist mit seiner Strategie, technisch hochwertige Geräte zu vergleichsweise günstigen Preisen zu verkaufen, sehr schnell gewachsen. Die USA setzten das Unternehmen 2021 wegen mutmaßlicher Verbindungen zum chinesischen Militär auf ihre schwarze Liste. China ist der weltweit größte Markt für Elektroautos. Zahlreiche heimische Anbieter sind in den vergangenen Jahren entstanden; auch ausländische Autohersteller werben um Kundinnen und Kunden. Im November war BYD in China mit mehr als 300.000 verkauften Autos die Nummer eins, gefolgt vom US-Hersteller Tesla mit 80.000 Wagen."
f6b7aff7-9f54-417f-8658-ae42e98efdee,2023-12-29 06:39:00+00:00,"Große Technologieunternehmen aus den USA dominieren die Weltbörsen zum Ende dieses Jahres wie noch nie. Apple bleibt mit einem Börsenwert von rund drei Billionen Dollar (Stand: 27. Dezember) die unangefochtene Nummer eins, wie aus der am Freitag veröffentlichten Rangliste der Unternehmensberatung EY hervorgeht. Microsoft schiebt sich mit 2,78 Billionen Dollar an Saudi Aramco (2,14 Billionen Dollar) vorbei auf Platz zwei. Der saudi-arabische Ölriese ist das einzige der zwölf wertvollsten Unternehmen der Welt, das nicht aus den USA kommt. Zwei Aushängeschilder der deutschen Wirtschaft haben die Rückkehr in die Top 100 geschafft: SAP und Siemens. Ende 2022 war dort kein Unternehmen aus Deutschland vertreten. »In diesem Jahr hat vor allem das Thema künstliche Intelligenz (KI) die Fantasie der Anleger und damit die Börsenkurse beflügelt«, sagt EY-Deutschland-Chef Henrik Ahlers. Inzwischen sei klar, welche wirtschaftlichen Potenziale, aber auch welche gesellschaftlichen Veränderungen KI mit sich bringe. »Unternehmen, die in diesem Bereich tätig sind, haben sich zu Lieblingen der Investoren entwickelt.« Der Grafikchip-Spezialist Nvidia etwa hat den Börsenwert in diesem Jahr mehr als verdreifacht. Mit 1,22 Billionen Dollar sprangen die Amerikaner von Platz 17 auf Platz sechs der Rangliste. Der Facebook-Konzern Meta hat seine Marktkapitalisierung fast verdreifacht und arbeitete sich mit 920 Milliarden Dollar von Rang 24 auf sieben vor. Apple-Aktien legten um 45 Prozent, Microsoft um 55 Prozent zu. Das wertvollste Unternehmen auf dem alten Kontinent ist nun der dänische Pharmakonzern Novo Nordisk, der mit der Entwicklung der Abnehmspritze »Wegovy« Furore gemacht und sich mit einem Börsenwert von 460 Milliarden Dollar von Platz 26 auf 16 vorgeschoben hat. Novo Nordisk verdrängt den französischen Luxuskonzern LVMH (Louis Vuitton, Moet Hennessy) vom europäischen Spitzenplatz. Tesla zehnmal so viel wert wie Porsche Die wertvollsten deutschen Unternehmen kommen zwar selbst im europäischen Vergleich nicht unter die »Top 10«, sind wenigstens aber wieder unter den 100 teuersten Börsenwerten vertreten. Der Walldorfer Softwarekonzern SAP rückt mit 181 Milliarden Dollar – einem Plus von mehr als 50 Prozent – von Platz 106 auf 61 vor. Der Münchner Technologiekonzern Siemens ist mit 148 Milliarden Dollar 88. (2022: 115.) Ahlers hält den KI-Boom für eine Chance auch für Unternehmen aus Europa. »Gerade für einen Standort wie Deutschland kann KI angesichts von Fachkräftemangel und demografischem Wandel positive Wachstumsimpulse bringen.« Beim Thema KI müsse sich Deutschland nicht verstecken. Auf eine Marktkapitalisierung von mehr als 100 Milliarden Dollar kommen auch die Deutsche Telekom (120 Milliarden, Platz 116) und der Münchner Versicherungsriese Allianz (105 Milliarden, Platz 131). Die Autobauer Porsche (Platz 181), BMW (233) und Volkswagen (261) finden sich auf den hinteren Plätzen, das Maß der Dinge in der Branche ist der US-Rivale Tesla, der mit 831 Milliarden Dollar mehr als zehnmal so hoch bewertet wird wie Porsche. Das wertvollste Unternehmen aus der Schweiz bleibt der Nahrungsmittelkonzern Nestlé mit 307 Milliarden Dollar und Platz 26 (2022: 23). Roche rutscht mit 233 Milliarden Dollar vom 31. auf den 43. Rang ab, Novartis steigert als einziger aus diesem Trio den Börsenwert, fällt aber mit 206 Milliarden Dollar auf Platz 52 (47) zurück."
e967ca37-ce70-4b24-83a1-5029d25c5259,2023-12-29 07:36:00+00:00,"Theo SlashGearEin Großteil der Präsentation von Xiaomi bei der Auftaktveranstaltung war dem Vergleich des Autos mit dem Porsche Taycan und dem Tesla Model S gewidmet. Diese Vergleiche sind alles andere als leer, da einige der Fähigkeiten des Autos beeindruckende Details bieten. Der SU7 steht für Speed ​​Ultra und ist in zwei Varianten erhältlich: der einmotorige SU7 mit Hinterradantrieb und der fortschrittlichere SU7 Max mit Doppelmotor- und Allradantriebskonfiguration (AWD). Unter diesen erhält der SU7 Max die meiste Aufmerksamkeit, aber es ist noch unklar, wie viel das Auto kosten wird. Laut Xiaomi beträgt die Batteriereichweite des SU7 Max 800 km und übertrifft damit die Reichweite des Mercedes EQS (720 km), des Tesla Model S (715 km) und des Porsche Taycan Turbo (525 km). Das Auto kann in nur 0 Sekunden von 100 auf 2,78 km/h beschleunigen, wiederum besser als die Konkurrenten Tesla und Porsche. Darüber hinaus übertrifft die Höchstgeschwindigkeit von 265 km/h auch das Tesla Model S und den Porsche Taycan. Insbesondere wird die 5-sitzige Xiaomi-Limousine das gleiche HyperOS-Softwaresystem auf Telefonen und Tablets ausführen, das das chinesische Unternehmen kürzlich angekündigt hat, sodass Benutzer auf Xiaomi-Anwendungen zugreifen können. Das Auto unterstützt auch die AirPlay- und CarPlay-Funktionen von Apple. Während die Leistungsdaten sicherlich beeindruckend sind, ist auch die Batterietechnologie im SU7 eine Überlegung wert. Das Unternehmen gibt an, dass sein HyperCharge 800V-System mit nur 220 Minuten Ladezeit genug Strom für 5 km oder nach 510 Minuten Ladezeit für 15 km liefern wird. Das Auto unterstreicht den ästhetischen Stil des Autos Sport Porsche und auch einige Inspirationen vom Aston Martin DB9 für das Design des SU7, sowohl innen als auch außen. Die von Sportwagen inspirierten Sitze sind gewagt gestaltet und in anspruchsvollen Farben wie leuchtendem Rot erhältlich, doch das Unternehmen hat bei der Gestaltung seines Premium-Elektrofahrzeugs auch den praktischen Aspekt nicht außer Acht gelassen. Der SU7 bietet geräumige 517 Liter Kofferraumvolumen, besser als die Konkurrenten Porsche und Tesla. Die SU7-Variante hat eine Reichweite von 668 km und verspricht eine Höchstgeschwindigkeit von 210 km/h. Der Preis des Xiaomi SU7 bleibt derzeit ein Geheimnis, aber der CEO des Unternehmens, Lei Jun, sagte, dass der Preis „Ihre Erwartungen übertreffen wird“. Herr Jun sagte auch, das Unternehmen habe globale Ambitionen für seine Elektrofahrzeuge, es sei jedoch unklar, wann der Export der Fahrzeuge aus China beginnen werde."
