358f4e18-6413-47f0-9142-fc59d548bbb6,2022-11-02 14:49:00+00:00,"(Lars Erichsen) Wahrscheinlich ist Dir die Meldung nicht entgangen: Der Gasekonzern Linde ist ein Urgestein der Deutschland AG und seit dessen Einführung 1988 Mitglied des DAX. Damit könnte es nun bald vorbei sein, denn wenn es nach der Unternehmensführung geht (die Aktionäre müssen noch zustimmen), wird die Linde-Aktie bald nur in New York ihr Listing haben. Wirklich überraschend kommt die Ankündigung nicht, denn seit der Fusion mit dem US-Rivalen Praxair 2018 wurden die deutschen Wurzeln des Unternehmens konsequent gekappt. Auch der Handel mit Linde-Aktien findet schon jetzt größtenteils an der Wall Street statt. Nur noch etwas mehr als 5 Prozent werden über das XETRA-System der Deutschen Börse gehandelt. Für wirklich große Unternehmen spielt der DAX keine Rolle Mit Linde verliert der DAX sein mit Abstand wertvollstes Unternehmen (siehe Grafik unten). Linde ist doppelt so viel wert wie die Allianz, auch das zweitwertvollste DAX-Unternehmen SAP folgt mit gehörigem Abstand (Zur Einordung: Im US-Index S&P-500, in dem Linde ebenfalls vertreten ist, liegt die Linde-Aktie nur auf Platz 44). Für den DAX ist der Abschied von Linde nur einer von einer ganzen Serie von Tiefschlägen. Der Mainzer Impfstoffhersteller BioNTech bspw. hatte bei seinem Börsengang im Oktober 2019 für die Hauptnotiz ganz selbstverständlich New York gewählt. Wer internationale Investoren ansprechen möchte, kann offensichtlich nicht anders agieren. Ein Grund für die Unattraktivität des DAX ist auch das Regelwerk. Linde ist zu gut für den DAX, die Aktie hat sich regelmäßig zu positiv entwickelt. Wird die Kappungsgrenze von 10 Prozent (keine Aktie darf im DAX dauerhaft höher als 10 Prozent gewichtet sein) überschritten, greift das DAX-Regelwerk ein. Die Konsequenz: Fonds mussten Linde-Aktien verkaufen, wenn sie den DAX nachbilden wollen, weil das Gewicht der Linde-Aktie bei den regelmäßigen DAX-Überprüfungsterminen angepasst bzw. gekappt wird. Bei US-Indizes gibt es solche Regeln nicht. Die wertvollsten DAX-Unternehmen Marktkapitalisierung in Mrd. Euro Finanzplatz Frankfurt auf dem absteigenden Ast Doch auch der Finanzplatz Frankfurt verliert rapide an Bedeutung. Bei der jüngsten Umfrage der britischen Beratungsgesellschaft Z/Yen liegt Frankfurt nur noch auf Platz 18 – hinter Finanzplätzen wie Dubai, Sydney und Boston. Wundern muss man sich nicht, schließlich hält der deutsche Regierungschef das Sparbuch für das Nonplusultra der Geldanlage. Dementsprechend gibt es auch keinen Rückenwind aus der Politik. In meinem Premium-Dienst „Rendite-Spezialisten“ setze ich in den Depots daher nicht ohne Grund auf ein breites Potpourri internationaler Qualitätsaktien. Siemens Energy wieder zurück im DAX Doch auch abgesehen vom Spezialfall Linde hat der DAX in den letzten Jahren an Attraktivität eingebüßt. Bei der letzten DAX-Überprüfung im September rückte Siemens Energy wieder in den DAX auf, der Kochboxenversender HelloFresh stieg in den MDAX ab. Siemens Energy war bereits vom März 2021 bis März 2022 DAX-Mitglied und musste dann der Hannover Rück Platz machen. Mit dem Wiederaufstieg gibt es nun auch wieder drei DAX-Aktien aus der Siemens-Familie. Damit setzt sich ein Trend fort, der auch bei anderen Unternehmen zu beobachten ist. Mit der Mercedes-Benz Group und Daimler Truck, Fresenius und Fresenius Medical Care sowie Volkswagen und Porsche Automobil Holding gibt es weitere DAX-Mitglieder, die aus dem gleichen Stall kommen. Sollte demnächst auch noch die Porsche AG in den DAX einziehen – schon im Dezember könnte es soweit sein – würde wahrscheinlich Zalando in den MDAX absteigen. Die mit der DAX-Erweiterung auf 40 Werte verbundene Hoffnung, dass der DAX breiter, diverser und etwas technologieaffiner wird, würde in diesem Fall ad absurdum geführt, zumal mit Delivery Hero und HelloFresh zwei weitere E-Commerce-Aktien ihren Platz schon wieder verloren haben. DAX-Zusammensetzung für Anleger unattraktiv Wenn man als Anleger einen Querschnitt der größten deutschen börsennotierten Unternehmen sucht, landet man jedoch automatisch beim DAX, der für viele Sparer der Nabel der Börsenwelt ist. Die Gründe sind verständlich, denn Mercedes-Benz, Siemens, Deutsche Telekom oder eben Porsche kennt jedes Kind. Dass man sich mit dem DAX jedoch ein veritables Klumpenrisiko ins Depot holt, ist ebenfalls ein Fakt. Nicht nur die „Clan-Aktien“ wie Siemens Energy und Siemens Healthineers, so nenne ich Aktien, die aus Abspaltungen vom Mutterkonzern entstanden, aber noch eng mit der Mutter verbunden sind und deren Ergebnisse auch in der Bilanz des Mutterkonzerns konsolidiert werden, sind ein Risiko in einem diversifizierten Depot. Auch die einseitige Ausrichtung auf wenige Branchen wie Automobil, Chemie oder Gesundheit ist aus Anlegersicht nicht erstrebenswert. Von der einseitigen Ausrichtung der Geschäftsmodelle vieler DAX-Unternehmen auf den China-Handel mal ganz zu schweigen. Für die Autokonzerne ist der chinesische Markt unverzichtbar. Die Umsätze und die Gewinne sprudelten in den vergangenen Jahren, daran dürfte sich auch nur wenig ändern, vorausgesetzt China bleibt ein halbwegs „verlässlicher“ Handelspartner. Viele Unternehmen nehmen immer noch hin, dass im Gegenzug nach wie vor geistiges Eigentum geklaut wird und dass man eigentlich nicht sein eigener Herr im eigenen (chinesischen) Haus ist. Wie das Handelsblatt kürzlich enthüllte, entscheiden in den chinesischen Werken Zellen der Kommunistischen Partei bei wichtigen Entscheidungen mit. Nun muss man fairerweise natürlich auch festhalten, dass auch China vom Westen abhängig ist. Doch was rationale ökonomische Erwägungen wert sind, wenn Machtstrukturen ins Wanken geraten oder vermeintlich große Anführer sich einen Platz im Geschichtsbuch sichern wollen, sieht man derzeit in Russland. Klumpenrisiken vermeiden Nun muss sich die Geschichte nicht wiederholen. Eine chinesische Invasion in Taiwan, die wahrscheinlich noch viel schwerwiegendere weltpolitische und wirtschaftliche Folgen als der Angriff Russlands auf die Ukraine hätte, ist keinesfalls unausweichlich. Doch noch im Februar 2022 hat zumindest hierzulande niemand einen Angriffskrieg Russlands für möglich gehalten – die Osteuropäer schätzten die Lage realistischer ein. Die Tatsache, dass ein Angriff Chinas auf Taiwan derzeit sehr unwahrscheinlich scheint, bedeutet nicht, dass die Wahrscheinlichkeit dafür bei Null liegt. Mein Fazit Du selbst bist der Manager oder die Managerin deines Depots. Willst Du ein ausgewogenes Portfolio ohne größere Klumpenrisiken oder gehst Du den einfachen Weg und kaufst einen DAX-ETF oder einfach einige der größten DAX-Aktien wie VW, Daimler, Siemens oder BASF? Im erstgenannten Fall ist damit zwar ein etwas größerer Aufwand verbunden, man muss sich informieren und selbst aktiv werden. Im zweiten Fall geht es schnell und einfach, allerdings holt man sich die beschriebenen Risiken ins Depot. Wichtig: Ich spreche nicht von Trading, kurzfristige Long- oder Short-Aktionen bleiben beim DAX selbstverständlich jederzeit weiter möglich. Ein Langfristanleger sollte sich jedoch genau überlegen, ob ein DAX-Depot wirklich erstrebenswert ist."
a2a8a53d-457a-4081-848c-08862ce1869b,2022-11-03 03:20:04+00:00,"Dass der Markt für BI- und Analytics-Tools nach wie vor hart umkämpft und für Käufer*innen schwer durchschaubar ist, zeigt die Studie „The BI & Analytics Survey 23“ von BARC. Das Unternehmen hat dafür 1.951 Anwender weltweit befragt. Die Studie vergleicht 24 führende Softwareprodukte, zeigt aktuelle Markttrends und evaluiert Best Practices für die Auswahl und den Einsatz von BI- und Analytics-Software. „The BI & Analytics Survey 23“ bietet eine detaillierte quantitative Analyse der Gründe, warum Kunden BI-Tools kaufen, welche Probleme sie mit den Tools haben und wie erfolgreich sie bei der Erfüllung der Projektziele sind. Beispielsweise zeigt der direkte Vergleich zwischen Erwartungshaltung an Lösungen und tatsächlicher Zufriedenheit nach der Implementierung, dass leicht zu prüfende Kriterien wie Funktionsumfang oder Kosten nach der Implementierung nicht zwangsläufig zu Geschäftsnutzen führen. dass stattdessen Kriterien wie Skalierbarkeit oder schnelle Antwortzeiten bei der Softwareauswahl priorisiert werden sollten. So sind einige Frontends, die beispielsweise behaupten, skalierbar zu sein, im Produktiveinsatz nicht in der Lage große Datenvolumina zu verarbeiten. Neben der Gegenüberstellung der Kaufgründe und Probleme analysiert die Studie, in welchen Unternehmensbereichen und zu welchen Zwecken BI- und Analytics-Produkte zum Einsatz kommen. Es wird aufgezeigt, was Stärken und Schwächen der Softwareprodukte sind. In der Detailevaluation wurden sowohl marktführende Produkte wie Microsoft Power BI, Tableau und Qlik als auch kleinere und aufstrebende Anbieter betrachtet. Lösungen für Self-Service-BI und -Analytics dominieren Lösungen für Self-Service-BI und -Analytics dominieren die Detailevaluation. Von den fünf Produkten, die in letzter Zeit am häufigsten für einen möglichen Kauf erwogen wurden, werden vier oft mit Self-Service in Verbindung gebracht. Dies zeigt, dass die Unterstützung eines Ansatzes, der die Erstellung von Analytics-Inhalten auf viele Schultern verteilt, nach wie vor ein entscheidender Faktor bei Kaufentscheidungen ist. Nichtsdestotrotz verlagert sich die Aufmerksamkeit der Käufer von isolierten Self-Service-Anwendungen zu Plattformen, die geregelte Self-Service-Funktionen bieten, um eine hohe Qualität und Effizienz bei der Erstellung von Inhalten zu gewährleisten. Ein Blick auf die meisterworbenen BI-Produkte nach Anbieter zeigt: eine klare Dominanz von Microsoft. Dabei darf nicht außer auch gelassen werden, dass Microsoft oft mehrere Produkte an einen einzigen Kunden verkauft. SAP auf Platz zwei, wenn man die Verkäufe all ihrer Produkte zusammenfasst. SAP liegt knapp vor Qlik und Tableau. Neben IT-Giganten wie IBM und Oracle finden sich auch Spezialisten wie SAS und Bissantz in den Top Ten. Allgemein ist zu beobachten, dass BI- & Analytics-Spezialisten in den letzten zwei Jahren verstärkt evaluiert wurden, aber oft gegen Anbieter von Software-Suiten bzw. Hyperscaler in der Softwareauswahl das Nachsehen haben. Die durchschnittliche Implementierungszeit beträgt 3,9 Monate Die durchschnittliche Implementierungszeit von BI Software beträgt 3,9 Monate. Natürlich können besonders große oder komplexe Projekte eher länger dauern. Dennoch sind schnelle Implementierungen eine wichtige Quelle der Zufriedenheit, und sie korrelieren eindeutig mit den erzielten geschäftlichen Vorteilen, was die Studienergebnisse belegen. Die durchschnittliche Implementierungszeit für Projekte, die vor weniger als zwei Jahren begonnen wurden, beträgt 3,8 Monate, verglichen mit 4,0 Monaten für ältere Projekte. Dies zeigt, dass Veränderungen in der Technologie (z. B. die Cloud) und in der Projektmethodik es den Kunden ermöglichen, Lösungen schneller bereitzustellen und schneller Vorteile zu erzielen. BI & Analytics sind noch nicht „demokratisch“ genug Erfolgreiche Entscheidungsunterstützung in modernen Unternehmen erfordert einen demokratischen Zugang zu Daten. Entscheidungstragende in allen Abteilungen benötigen aktuelle und relevante Informationen, um ihre Entscheidungen und Handlungen auf eine zuverlässige Grundlage zu stellen. BI und Analytics sollte möglichst von datenkundigen Mitarbeitenden im gesamten Unternehmen aktiv genutzt werden."
5181127c-f9a4-4453-a8a2-d645cacfb46a,2022-11-03 07:00:00+00:00,"Geht es noch ohne Cloud? Im Grunde schon. Ist es empfehlenswert? Eher nicht. Die Strategie von SAP zielt mit SAP S/4 Hana klar in Richtung Cloud – hin zu immer modulareren Architekturen und weg vom monolithischen Systemaufbau und dem ""Ich-betreibe-meinen-Server-vor-Ort-selbst"", dem klassischen On-Premise. Aber warum das Ganze? Nicht aus Lust und Laune, sondern weil es für Unternehmen Sinn ergibt: Die Standard-ERP-Software ist in der Cloud automatisch immer auf dem neuesten Stand, Prozesse lassen sich beschleunigen und vereinfachen und die Gesamtbetriebskosten sinken – laut SAP um bis zu 20 Prozent! Apps per Plug-and-play andocken Früher wurden nötige Erweiterungen direkt im ERP-Kernsystem programmiert. Die Folge: mit der Zeit komplexe, schwerfällige und schwer zu wartende Systeme. Heute lautet das Motto daher ""Keep the core clean"". Der Kern enthält nur die wichtigsten Standardprozesse. Alle anderen Anwendungen und Systeme werden über eine zentrale Integrationsplattform angebunden und stehen in Echtzeit miteinander in Verbindung. Neue Lösungen oder zusätzliche Funktionen lassen sich so zum Beispiel als Apps anbinden – einfach per Plug-and-play. Eine Lösung wird irgendwann nicht mehr gebraucht? Dann wird sie abgeschaltet und bläht damit das Gesamtsystem auf lange Sicht nicht weiter auf. Der Weg geht also immer öfter in die Cloud, allerdings ist Cloud nicht gleich Cloud. Bei SAP stehen Unternehmen für SAP S/4 Hana zwei Optionen zur Verfügung: die Public Cloud und die Private Cloud. Die Public Cloud Die Public Cloud ist eine schlanke und flexible Lösung. SAP stellt die Software als Software-as-a-Service zur Verfügung und kümmert sich um Hosting, Updates, Innovationen, Betrieb und Wartung. Die Kunden schalten also nur ihren Rechner ein – und greifen über einen Webbrowser und die neue Benutzeroberfläche ""FIORI"" auf die Software zu. Ihre Daten liegen in geschützten Bereichen auf dem Server. Die Public Cloud eignet sich für stark wachsende, kleine bis mittelgrosse Unternehmen, losgelöst davon, welches ERP sie aktuell verwenden. Zudem bietet sie sich für diejenigen an, die ihr System mit SAP S/4 Hana neu aufbauen und dabei die vorkonfigurierten Best Practices nutzen möchten. Der SAP-Standard reicht nicht aus? Aufgrund neuer Technologien sind auch Erweiterungen der Cloud möglich, allerdings in begrenztem Umfang. Die Private Cloud Im Fall der Private Cloud Edition wird das SAP-S/4-Hana-System von SAP als Service betrieben – allerdings nicht im eigenen Rechenzentrum, sondern auf Servern von Anbietern wie Google Cloud, Microsoft Azure oder Amazon Web Services. Der Vorteil der Private Cloud: Ihr Funktionsumfang entspricht dem einer On-Premise-Lösung, ebenso wie die Möglichkeiten der Erweiterung und Anpassung. Der Einfluss des Kunden auf Themen wie Updatezyklen und Erweiterungen gestaltet sich fast so, als stünde das System noch im eigenen Rechenzentrum. Wer diese Lösung wählt, verzichtet also auf nichts. Unternehmen können die Private Cloud neu implementieren und mittlerweile sogar per ""System Conversion"" (also einer technischen Eins-zu-eins-Konvertierung des bestehenden SAP-ERP-Systems) in die Cloud wechseln. Jetzt die Weichen stellen Sicher ist: Unternehmen sollten sich umgehend mit den verschiedenen Cloud-Lösungen beschäftigen, um von den immensen Vorteilen profitieren zu können. Digital ready ohne Cloud? Ist heute kaum noch vorstellbar!"
7ee93ca3-2c95-42be-910e-8b991daabbe4,2022-11-03 07:00:00+00:00,"SAP bietet verschiedene Möglichkeiten, in die Cloud einzusteigen. Das Lizenzmodell erklärt die Varianten: SAP S/4 Hana Public und Private Cloud sind Software-as-a-Service (SaaS) und werden von SAP betrieben. SAP S/4 Hana On-Premise kann im eigenen oder Partner-Datacenter, der SAP Hana Enterprise Cloud oder einem Hyperscaler betrieben werden. Die Wahl des Public-Cloud-Providers (z.B. Azure, AWS, Google Cloud) ist essenziell: Datenhaltung, Datenschutz und regionale Abhängigkeiten, wie Kosten, Serviceverfügbarkeit und Latenzen, bilden wichtige Entscheidungsfaktoren. Die geografische Standortwahl ist ausschlaggebend für die Skalierbarkeit, Verfügbarkeit von Zonen und In­stanz-Typen sowie um die Verbindungskosten und Latenzen tief zu halten. Für die Dimensionierung des virtuellen Datacenters sind ein genügend grosses Netzwerk sowie die zugehörigen Subnetze und die künftige Grösse der SAP-Systemlandschaft wesentlich. Best Practice ist, das Netzwerk ausreichend gross anzulegen und Reserven für zukünftige Expansionen einzuplanen. Hierzu sollte die Cloud-Strategie detailliert Auskunft geben. Fragen zur Verfügbarkeit klären Weiter ist es wichtig, sich Gedanken zur Systemverfügbarkeit zu machen. Ist ein 24/7-Betrieb der gesamten SAP-Systemlandschaft notwendig oder ist eine Verfügbarkeit der (oder einiger) non-produktiven Systeme zu Bürozeiten ausreichend? Der Break-even für einen Applikationsserver liegt bei zirka 280 h/Monat, bei einem Hana-Datenbankserver bei zirka 210 h/Monat (im Vergleich zu Pay-as-you-Go und einer 3-Jahre-Reserved-Instance). Mit diesen Betrachtungen können Kosten reduziert werden. Bei der Auswahl der Instanz-Typen der VM (Virtual Machine) und dem Sizing ist zu prüfen, ob die getroffene Wahl für den produktiven Betrieb des Cloud-Anbieters freigegeben und von SAP für den Einsatzzweck zertifiziert ist. Beim Sizing der Hana-Datenbank geben vorhandene SAP-Reports (z.B. /SDF/HDB_SIZING für ERP) einen Anhaltspunkt. Bei der Wahl des Storage sind die Herstellerfreigaben ebenfalls zu beachten. Zudem sind Local vs. Geo-redundant Storage sowie der jeweilige Storage Type (Standard, Premium oder Ultra SSD) wichtige – und kos­tentreibende – Kriterien. Für eine hohe Verfügbarkeit und Desaster-Toleranz ist die Anzahl VM-Instanzen ein wichtiger Faktor. Bei der Konzipierung von Hana System Replication (HSR) gilt es, wichtige Punkte zu beachten: ASYNC ist die einzige Option bei regionsübergreifendem HSR. SYNC und SYNCMEM sind für den primären Cluster reserviert. HSR sollte in der primären Region zwischen zwei oder mehreren Verfügbarkeitszonen eingerichtet werden. Für Applikationsserver (AS) sind folgende Szenarien im Desaster Recovery (DR) Set-up zu empfehlen: Einsatz von Replikations- und Recovery-Optionen sowie Aufbau mehrerer Applikationsserver in unterschiedlichen Verfügbarkeitszonen (AZ) in der primären Region. Bei der individuellen Cloud-Strategie ist und bleibt jedoch der wichtigste Punkt, die Sicherheitsrichtlinien der Anbieter zu verstehen – vor allem, wenn es um sensible Informationen Ihres Unternehmens geht. Denn nicht in jedem Land gelten dieselben gesetzlichen Datenschutzanforderungen."
624ceb90-4f76-4688-be58-4f6e633e060f,2022-11-03 08:46:46+00:00,"Europas größter Softwarekonzern SAP will in Walldorf sein in die Jahre gekommenes Hauptgebäude auf Vordermann bringen. Europas größter Softwarekonzern SAP will in Walldorf sein in die Jahre gekommenes Hauptgebäude auf Vordermann bringen. Das Unternehmen investiert 219 Millionen Euro, wie der „Mannheimer Morgen“ und die „Rhein-Neckar-Zeitung“ (Donnerstag) berichteten. „Der Neubau steigert die Attraktivität von SAP als Arbeitgeber. Gerade den jungen Talenten ist schon wichtig, wo und wie sie arbeiten. Sie wollen sich wohlfühlen und ein bisschen auch damit angeben können“, wurde Cawa Younosi, Personalchef von SAP Deutschland, zitiert. Mit dem Umbau will der Softwarekonzern moderne und flexible Arbeitskonzepte noch stärker verwirklichen. Das Gebäude stamme aus dem Jahr 1992. (dpa) Nach US-Wahl: Ökonom rechnet nicht mehr mit Intel-Ansiedlung Die Wahl von Donald Trump zum nächsten US-Präsidenten wirkt sich auch auf die deutsche Wirtschaft aus. Für eine geplante Ansiedlung sieht ein Experte danach kaum noch Chancen. Cancom warnt vor Gewinnrückgang Der IT-Dienstleister Cancom streicht seine Jahresziele wegen neuer politischer Unsicherheiten vor allem in seinen Kernmärkten Deutschland und Österreich zusammen. Nvidia steigt in den Dow Jones auf – Intel fliegt raus Ein weiterer Meilenstein in der Börsen-Erfolgsgeschichte des KI-Spezialisten Nvidia: Die Aktien des Chipherstellers steigen an diesem Freitag in den US-Auswahlindex Dow Jones Industrial Average auf."
e50af114-9710-4a60-9a9a-5241c7d16406,2022-11-04 06:00:00+00:00,"Zur Ausgabe Artikel 13 / 36 Affäre SAP-Zulieferer im Würgegriff der Investoren Ein Milliardär, ein früherer Siemens-Chef und der Kampf um die Zukunft von SNP. Wie eine selbstherrliche Investorenclique die deutsche Techhoffnung für eigene Zwecke missbraucht Von Thomas Werres 04.11.2022, 10.25 Uhr • aus manager magazin 11/2022 Sie können den Artikel leider nicht mehr aufrufen. Der Link, der Ihnen geschickt wurde, ist entweder älter als 30 Tage oder der Artikel wurde bereits 10 Mal geöffnet. manager magazin plus Jetzt weiterlesen. Mit dem passenden manager Abo. Einen Monat für € 0,99 testen. Jederzeit kündbar. Ihre Vorteile: manager magazin+ und Harvard Business manager+ im Paket Alle Inhalte von m+ und HBm+ auf der Seite manager-magazin.de und in der manager-Nachrichten-App Der Inhalt der gedruckten Magazine inkl. E-Paper (PDF) Jetzt für € 0,99 testen Ihre Vorteile: Alle Inhalte von m+ auf der Seite manager-magazin.de und in der manager-Nachrichten-App m+-Newsletter mit besonderen Leseempfehlungen Der Inhalt des gedruckten Magazins inkl. E-Paper (PDF) Jetzt für € 0,99 testen Sie sind bereits Digital-Abonnentin oder -Abonnent? Hier anmelden Weiterlesen mit manager+ Immer einen Einblick voraus Ihre Vorteile mit manager+ manager magazin+ in der App Harvard Business manager+ in der App Das manager magazin und den Harvard Business manager lesen als E-Paper in der App Alle Artikel in der manager-App Preis wird geladen... Sie haben bereits ein Digital-Abonnement? manager+ wird über Ihren iTunes-Account abgewickelt und mit Kaufbestätigung bezahlt. 24 Stunden vor Ablauf verlängert sich das Abo automatisch um einen Monat zum Preis von zurzeit 24,99€. In den Einstellungen Ihres iTunes-Accounts können Sie das Abo jederzeit kündigen. Um manager+ außerhalb dieser App zu nutzen, müssen Sie das Abo direkt nach dem Kauf mit einem manager-ID-Konto verknüpfen. Mit dem Kauf akzeptieren Sie unsere Allgemeinen Geschäftsbedingungen und Datenschutzerklärung ."
b5b858db-f977-4b5d-a005-0720c0772618,2022-11-09 07:00:00+00:00,"Mehr Eigenständigkeit für Telekom-Tochter Nach gestopptem Verkauf: Deutsche Telekom richtet T-Systems neu aus Anbieter zum Thema Die Deutsche Telekom will ihrer Tochter T-Systems nach dem gestoppten Verkauf mehr Eigenständigkeit einräumen und sich strukturell neu aufstellen. Zum Jahreswechsel wird unter dem Dach von Telekom Deutschland eine neue Geschäftseinheit für digitale Plattformen gegründet, in die dann auch die bisherige T-Systems-Tochter Multimedia Solutions (MMS) übertragen wird. Durch die Neuorganisation sollen die rund 1.700 MMS-Mitarbeiter ihr Wissen sowohl bei den kleinen und mittelständischen Unternehmenskunden, die bei Telekom Deutschland gebündelt sind, als auch bei Fragen von Großkonzernen, die von T-Systems betreut werden, einbringen. In letzterem Segment wird nun eine neue Geschäftseinheit für digitale Plattformen gegründet, die vom bisherigen T-Systems-Technikvorstand Maximilian Ahrens geleitet werden soll. Der Manager berichtet direkt an Deutschland-Chef Srini Gopalan. Umsatz und Gewinn bisher enttäuschend In den vergangenen Jahren war T-Systems allerdings nicht wirklich erfolgreich und schrieb zuverlässig immer wieder rote Zahlen. Zudem ging der Umsatz im vergangenen Jahr um 3,4 Prozent auf vier Milliarden Euro zurück. Das Marktumfeld sei „sehr dynamisch“, hieß es von T-Systems Mitte September. Auch die letzte Neupositionierung von T-Systems als reiner IT- und Digitaldienstleister verhalf nicht zum erhofften Erfolg. Medienwirksame Projekte waren zuletzt etwa die Corona-Warn-App in Zusammenarbeit mit Europas größtem Softwareanbieter SAP sowie ein Auftrag der Weltgesundheitsorganisation (WHO): Dabei sollte das Unternehmen die technische Voraussetzung schaffen, damit digitale Impfzertifikate länderübergreifend überprüft werden können. Neue Chance unter Konzernfittichen Die Deutsche Telekom hatte aber schon vor rund einem Jahr angefangen, verschiedene Optionen wie den Verkauf der Großkundentochter zu prüfen. Konzernchef Tim Höttges wollte eine Lösung für das Sorgenkind finden. Mitte September wurde dann bekannt, dass der Verkaufsprozess gestoppt worden sei - stattdessen sollte ein Plan für den Verbleib im Konzern ausgearbeitet werden. Ein grundlegendes Problem ist, dass IT-Dienstleister aus Ländern mit hohem Lohnniveau wie Deutschland weniger interessant für Kunden sind. Diese können die Services auch aus Schwellenländern für deutlich weniger Geld erhalten können. Doch der Konzern scheint weiter an die Fähigkeiten von T-Systems-Chef Adel Al-Saleh zu glauben. Erst im April verlängerte der Aufsichtsrat dessen Vertrag für eine zweite Amtszeit bis Ende 2027. „Adel ist eine ausgewiesene Führungspersönlichkeit, die bei T-Systems den Grundstein für Wachstum und eine profitable Zukunft gelegt hat“, schwärmte Konzernchef Höttges laut Mitteilung. In der Vergangenheit soll es aber Meinungsverschiedenheiten zwischen den beiden Managern darüber gegeben haben, ob Mittel für Zukäufe zur Stärkung von T-Systems genutzt werden sollen. Höttges wolle lieber in das Zugpferd T-Mobile US investieren, hieß es. Ein Deal mit Notausgang Künftig soll damit Schluss sein: Al-Saleh kann mit der neuen organisatorischen Strukturierung freier entscheiden, wie sein Unternehmen wachsen soll. Das liegt auch daran, dass der Konzern seine Tochter von historischen Verpflichtungen wie etwa Pensionszahlungen entlastet. „Damit verschafft die Telekom ihrer Großkundensparte mehr Spielraum für Investitionen in das Geschäft“, hieß es. Übersetzt heißt das so viel wie, dass T-Systems nach potenziellen Übernahmen Ausschau hält. In der Branche ist es üblich, über Zukäufe zu wachsen, das Portfolio zu erweitern und so dem Kunden mehr Services anzubieten. Ferner will der IT-Dienstleister stärker auf Partnerschaften im nahen wie auch fernen Ausland bauen. Jetzt Newsletter abonnieren Täglich die wichtigsten Infos zu Cloud Computing Geschäftliche E-Mail Bitte geben Sie eine gültige E-Mailadresse ein. Mit Klick auf „Newsletter abonnieren“ erkläre ich mich mit der Verarbeitung und Nutzung meiner Daten gemäß Einwilligungserklärung (bitte aufklappen für Details) einverstanden und akzeptiere die Nutzungsbedingungen. Weitere Informationen finde ich in unserer Datenschutzerklärung. Aufklappen für Details zu Ihrer Einwilligung Stand vom 30.10.2020 Es ist für uns eine Selbstverständlichkeit, dass wir verantwortungsvoll mit Ihren personenbezogenen Daten umgehen. Sofern wir personenbezogene Daten von Ihnen erheben, verarbeiten wir diese unter Beachtung der geltenden Datenschutzvorschriften. Detaillierte Informationen finden Sie in unserer Datenschutzerklärung. Einwilligung in die Verwendung von Daten zu Werbezwecken Ich bin damit einverstanden, dass die Vogel IT-Medien GmbH, Max-Josef-Metzger-Straße 21, 86157 Augsburg, einschließlich aller mit ihr im Sinne der §§ 15 ff. AktG verbundenen Unternehmen (im weiteren: Vogel Communications Group) meine E-Mail-Adresse für die Zusendung von redaktionellen Newslettern nutzt. Auflistungen der jeweils zugehörigen Unternehmen können hier abgerufen werden. Der Newsletterinhalt erstreckt sich dabei auf Produkte und Dienstleistungen aller zuvor genannten Unternehmen, darunter beispielsweise Fachzeitschriften und Fachbücher, Veranstaltungen und Messen sowie veranstaltungsbezogene Produkte und Dienstleistungen, Print- und Digital-Mediaangebote und Services wie weitere (redaktionelle) Newsletter, Gewinnspiele, Lead-Kampagnen, Marktforschung im Online- und Offline-Bereich, fachspezifische Webportale und E-Learning-Angebote. Wenn auch meine persönliche Telefonnummer erhoben wurde, darf diese für die Unterbreitung von Angeboten der vorgenannten Produkte und Dienstleistungen der vorgenannten Unternehmen und Marktforschung genutzt werden. Falls ich im Internet auf Portalen der Vogel Communications Group einschließlich deren mit ihr im Sinne der §§ 15 ff. AktG verbundenen Unternehmen geschützte Inhalte abrufe, muss ich mich mit weiteren Daten für den Zugang zu diesen Inhalten registrieren. Im Gegenzug für diesen gebührenlosen Zugang zu redaktionellen Inhalten dürfen meine Daten im Sinne dieser Einwilligung für die hier genannten Zwecke verwendet werden. Recht auf Widerruf Mir ist bewusst, dass ich diese Einwilligung jederzeit für die Zukunft widerrufen kann. Durch meinen Widerruf wird die Rechtmäßigkeit der aufgrund meiner Einwilligung bis zum Widerruf erfolgten Verarbeitung nicht berührt. Um meinen Widerruf zu erklären, kann ich als eine Möglichkeit das unter https://support.vogel.de abrufbare Kontaktformular nutzen. Sofern ich einzelne von mir abonnierte Newsletter nicht mehr erhalten möchte, kann ich darüber hinaus auch den am Ende eines Newsletters eingebundenen Abmeldelink anklicken. Weitere Informationen zu meinem Widerrufsrecht und dessen Ausübung sowie zu den Folgen meines Widerrufs finde ich in der Datenschutzerklärung, Abschnitt Redaktionelle Newsletter. Von einem Stellenabbau bei T-Systems war zunächst keine Rede. Zuletzt hatte T-Systems rund 28.000 Mitarbeiter. T-Systems erwirtschaftet einen jährlichen Umsatz von rund vier Milliarden Euro. Der Löwenanteil verteilt sich mit rund 85 Prozent auf Cloud Services und Digitale Lösungen. (ID:48733199)"
97ddb27e-0958-44aa-b922-cb0ee052723c,2022-11-10 14:21:42+00:00,"Das Retail-Tech-Unternehmen Trigo Visions hat in der jüngsten Finanzierungsrunde 100 Millionen US-Dollar gesammelt. Das gab CEO Michael Gabay in einem Blogbeitrag bekannt. Damit erreicht die gesamte Investitionssumme in Trigo 204 Millionen US-Dollar – trotz jüngster Dämpfer für autonome Stores, wie der Stopp der Amazon-Go-Expansion (invidis berichtete). Hauptinvestoren der neuen Runde waren Temasek, ein staatliches Investmentunternehmen von Singapur, und 83 North. Als Neuinvestor kam unter anderem SAP hinzu. Die Rewe Group, mit der Trigo den neu eröffneten Pick-and-Go-Shop in Berlin realisierte, erhöhte ihr Investment. Kooperation mit Aldi & Co. Neben Rewe arbeitete Trigo Visions in den vergangenen Jahren mit vielen anderen Retailern zusammen, um Frictionless Stores – meist als Test- oder Pilotmärkte – zu realisieren. Zu nennen sind unter anderem Aldi, Netto und Tesco. Mit dem neu aufgenommenen Kapital soll die Technologie-Plattform für autonome Stores weiter ausgebaut und der Bau größerer Stores vorangetrieben werden. Hinzu kommt die Umsetzung von Vertragsgeschäften, die bereits in der Pipeline sind. Darüber hinaus will Trigo seine Kapazitäten für die Nachrüstung zusätzlicher Läden ausbauen und eine die Expansion in der EU und den USA beschleunigen. Fokus auf urbane Formate Bei den größeren Stores will sich Trigo vor allem auf urbane Formate konzentrieren. Und auch die Softwareseite will das Unternehmen weiterentwickeln, wie der CEO beschreibt: „Mit dem Einstieg unseres strategischen Investors SAP werden wir die Infrastruktur unseres Systems verstärken, um Läden mit der gesamten Palette der Store-OS-Produkte von Trigo zu integrieren, was Einzelhändlern den Vorteil bietet, autonome Läden über verschiedene Formate hinweg zu diversifizieren und zu skalieren.“ Hierbei sollen auch weitere Funktionen wie Bestandsmanagement, Preisoptimierung und ereignisgesteuertes Marketing einbezogen werden."
e127a69c-0481-464b-9d06-612e9bcb0422,2022-11-11 07:13:18+00:00,"In den letzten Jahren realisieren immer mehr Unternehmen, wie wichtig Digitalisierung und Automatisierung für die Steuerabteilungen sind, insb. (aber nicht nur) bei den indirekten Steuern. Die Überwachung und Optimierung der steuerlichen Aktivitäten stehen dabei im Fokus und gewinnen zukünftig für Echtzeit-Meldungen zunehmend an Bedeutung. Für eine gezielte Auswertung der Daten und optimierte Compliance fehlt in ERP-Systemen häufig die Transparenz, Einheitlichkeit und Lesbarkeit der Daten aus steuerlicher Sicht. Zudem erschweren die wachsende Komplexität und Datenmengen die tägliche Arbeit der Steuerabteilungen. Aus diesem Grund ist es wichtig, die Möglichkeiten der Digitalisierung auszunutzen und die Daten so zu analysieren, dass steuerrelevante Informationen gruppiert, lesbar und auswertbar werden. Grant Thornton bedient sich Data Analytics, Business Intelligence (BI) und Big Data Technologie, mit der im standardisierten Format SAP-Daten auf steuerrelevante Informationen analysiert werden können. Über eine direkte und sichere Verbindung zwischen dem SAP ‑System und der Analysesoftware, können die Daten direkt ohne Datenverluste und Formatierungsprobleme eingelesen werden. Aufgrund des standardisierten Formats der Anwendung können die Daten in relativ kurzer Zeit analysiert werden. Bei der Implementierung von Steuerfindungs-Software (SAP Add-on’s, Tax Engines) – aber auch bei der Konfigurierung von SAP (S/4Hana) Native für Umsatzsteuerzwecke – ist eine schnelle Analyse von SAP-Daten auf umsatzsteuerliche relevante Geschäftsvorfälle über diverse Buchungskreise und Länder hinweg notwendig. Die Daten verschiedener Buchungskreise werden anhand bestimmter technischer und umsatzsteuerlicher Parameter in verschiedene Szenarien geclustert. Die eingebauten Prüfroutinen geben zusätzlich nützliche Hinweise auf umsatzsteuerliche Fallstricke (z.B. innergemeinschaftliche Dreiecksgeschäfte). Zudem können die geclusterten Szenarien auf ihre korrekte umsatzsteuerliche Behandlung (z.B. Zuordnung zum richtigen Steuerkennzeichen) überprüft werden. Da jedes Unternehmen teilweise unterschiedlich SAP nutzt, wird das Data Analytics Model entsprechend unternehmensindividuell und auf die besonderen Bedürfnisse angepasst. Die so individualisierten Geschäftsvorfälle werden dann für die Konfiguration der Tax Engine oder des Tax Add-Ons und nach erfolgreicher Konfiguration als Grundlage für das Testings genutzt."
53653cf4-4c96-4e72-92d2-00c3c521626e,2022-11-11 09:40:00+00:00,"Die Arbeit an der SAP-Basis ist entscheidend für die erfolgreiche S/4-Conversion. Damit bekommt das sogenannte Competence Center bei den SAP-Bestandskunden strategische Bedeutung. Unhabhängig vom Betriebsmodell eines S/4 Hana sind Themen wie Automatisierung, Monitoring, Security, Application Lifecycle Management und Datenmanagement die Basis für den operativen S/4-Betrieb. Zum zweiten Mal bereits veranstaltet das E3-Magazin in Salzburg einen Summit für die SAP-Community, um sich über alle Aspekte der S/4-Hana-Basisarbeit umfassend zu informieren."
5dbfb9bb-c808-42b7-8045-ebbbc6c000cf,2022-11-15 12:24:07+00:00,"Valantic kauft im SAP-Bereich zu. In einer Mitteilung gibt das Unternehmen den Zusammenschluss mit Comsol bekannt. Laut dessen Website beschäftigt das Unternehmen 70 Mitarbeitende und hat seinen Hauptsitz in Köln. Der Name Comsol ist die Abkürzung für Commercial Solutions. Comsol, welches 1999 gegründet wurde, ist auf SAP-Services für Handels- und Konsumgüterunternehmen spezialisiert, teilt Valantic weiter mit. Zum langjährigen Kundenstamm zählen demnach unter anderem MediaMarkt-Saturn oder das Schweizer Einzelhandelsunternehmen OTTO'S. Zudem sei das erste S/4HANA Go-Live in der Schweizer Handelsbranche beim Unternehmen Sherpa Outdoor durch Comsol realisiert worden. ""Unser Geschäftsbereich SAP Services steht für die Sicherung der Zukunftsfähigkeit unserer Kunden und das erfolgreiche Etablieren neuer, datengetriebener Geschäftsmodelle durch die technologiebasierte Unternehmenstransformation"", sagt Karsten Ötschmann, Mitglied der Valantic Gruppen-Geschäftsführung und Leiter des Geschäftsbereichs SAP. ""Mit der Verstärkung durch die Comsol AG wachsen wir in diesem Bereich auf mehr als 850 Mitarbeiterinnen und Mitarbeiter und werden damit zu einem der einflussreichsten SAP-Beratungs- und Implementierungshäuser in Europa."" ""Wir freuen uns sehr auf die Zusammenarbeit mit unseren neuen Kolleginnen, Kollegen und Partnern bei Valantic. Die Vision von valantic, die Denkweise und die persönliche Note in der Zusammenarbeit mit den Mitarbeiter*innen passen perfekt zu unseren eigenen Werten. Die bereits sehr erfolgreiche Valantic SAP-Division können wir durch unsere ausgeprägte Expertise im Retail & Wholesale verstärken und werden in Zukunft gemeinsam mit valantic unsere Kunden noch erfolgreicher bedienen und beraten"", sagt Bernd Hellgardt, Gründer und CEO bei Comsol."
2c9720d9-6c62-4766-9212-c23caa6a2162,2022-11-15 12:59:00+00:00,"Der Softwarekonzern SAP will seine Nutzer zu Entwicklern machen. Mit einer Software, die nicht sein soll wie eine klassische Software, sondern wie ein buntes Verschiebeprogramm, mit grafischen Elementen und einfachen Versatzstücken, die die Nutzer dann per „drag and drop“ zu neuen Anwendungen zusammenfügen können. Ähnlich wie im Falle des Präsentationsprogramms Power Point sollen nicht nur Entwickler, sondern jeder kundige Anwender in die Lage versetzt werden, etwas Neues entstehen zu lassen. „Das ist ein Riesenschritt für uns und unsere Kunden“, sagt Technologievorstand Jürgen Müller im Gespräch mit der F.A.Z."
e0f79907-c2f0-47a2-bb7a-84a95f145d2b,2022-11-15 13:06:00+00:00,"Story Box-ID: 1135910 SAP Deutschland SE & Co. KG Hasso-Plattner-Ring 7 69190 Walldorf, Deutschland http://www.sap.com/germany Ansprechpartner:in Frau Tina Kulow +49 6227 778624 SAP Deutschland SE & Co. KG 15.11.2022"
d4625ce9-a8e2-4f2d-a59d-5620f5af9d0c,2022-11-16 17:40:41+00:00,"Vishal Sikka ist der Gründer und CEO von Vianai, ehemaliger CTO der SAP AG und ehemaliger CEO von Infosys. Derzeit ist er außerdem Mitglied im Vorstand von Oracle, im Aufsichtsrat der BMW Group und als Berater des Stanford Institute of Human-Centered AI. Die Vianai-Plattform kombiniert Open-Source-Elemente, proprietäre Techniken und Optimierungen von Vianai sowie menschenzentriertes Design, um KI in großem Maßstab und über verschiedene Landschaften hinweg in das Unternehmen zu bringen. Mit der Plattform können große Unternehmen anspruchsvolle ML-Modelle auf der vorhandenen Infrastruktur erstellen, optimieren, bereitstellen und verwalten und den Betrieb und die Leistung von ML-Modellen im gesamten Unternehmen verbessern. Was hat Sie ursprünglich am maschinellen Lernen gereizt? Ich begann mich als Teenager für KI zu interessieren, als ich Marvin Minskys Gedanken über unsere Gedanken als Gesellschaften einfacher Agenten las und von Joe Weizenbaums Eliza (einem sehr frühen Chatbot) und John McCarthys Kritik daran erfuhr. Später hatte ich die Ehre, dass McCarthy den Vorsitz meines KI-Qualifikationsprüfungsausschusses in Stanford übernehmen durfte. McCarthy und Minsky waren die beiden Väter auf dem Gebiet der künstlichen Intelligenz, und beide hatten tiefe Einblicke in die Möglichkeiten und Grenzen dieser Intelligenz, und ich hatte das Glück, bei beiden zu studieren. Wir sehen heute noch, dass KI ein großes Potenzial hat, aber gleichzeitig erhebliche Einschränkungen aufweist. Die gleichen Herausforderungen, mit denen wir vor 30 Jahren zu kämpfen hatten, sind auch heute noch offensichtlich, insbesondere wenn wir die KI im Unternehmen betrachten. Die Arbeit als Student hat mich inspiriert, zu sehen, ob der Wert der KI irgendwie erschlossen werden könnte, und ich bin weiterhin mit Leidenschaft dabei. Sie haben bereits einige wichtige Aufsätze geschrieben. Welcher Aufsatz war Ihrer Meinung nach der ausschlaggebendste für die Weiterentwicklung Ihrer Ansichten über KI? Als Student muss ich mehrere tausend Aufsätze gelesen haben. McCarthys vorausschauende Arbeiten über einen „Advice Taker“ über einige zentrale philosophische Probleme der KI, Marvins Arbeiten über den Geist als Gesellschaft, über die Zusammenführung von konnektionistischen (auf neuronalen Netzwerken basierenden) und symbolischen Ansätzen für KI, Judea Pearls Arbeiten über probabilistisches Denken und kausale Intelligenz und Aufsätze von David Marr (über das Sehen), Pat Winston (über das Lernen von Beschreibungen von Objekten anhand von Beispielen), Waldingers Arbeit über Programmsynthese und viele andere prägten meine Ansichten. In jüngerer Zeit habe ich Werke von Hinton, Lecun und den Aufmerksamkeitsleuten sowie Werke von Cynthia Rudin, Fernanda Viegas und anderen gelesen. Sie haben angegeben, dass die Entwicklererfahrung beim Aufbau eines KI-Systems fragmentiert und fehlerhaft ist. Was sind einige der aktuellen Probleme beim Aufbau eines KI-Systems? KI-Systeme können heutzutage wirklich nur von einer relativ kleinen Anzahl von Menschen erklärt werden – die Statistiken variieren, aber es scheint, dass es tatsächlich nur etwa 20 bis 30,000 Menschen auf der Welt gibt, die die wahren Methoden der Funktionsweise von KI-Systemen verstehen. Das ist deutlich weniger als die etwa 52,000 Menschen, die unserer Schätzung nach MLOps-Profis sind, oder die 1 Million, die wir als Datenwissenschaftler schätzen. Viele von ihnen konnten Ihnen nicht sagen, warum das System das tut, was es tut, warum es die Empfehlungen gibt, die es macht, oder was möglicherweise schiefgehen könnte oder wie die zugrunde liegenden Techniken funktionieren. Stellen Sie dies vor den Hintergrund einer äußerst komplexen Landschaft. Es gibt über 300 MLOps-Anbieter, die Gartner zu jedem Zeitpunkt beobachtet. Jeder von ihnen hat ein spezielles Angebot. Die großen Cloud-Anbieter hingegen haben in allem ihren eigenen Stil und versuchen oft, Unternehmen in ihre Ökosysteme und ihre Infrastruktur einzubinden. Dann ist die Rechenleistung selbst oft zu teuer, als dass Unternehmen einige der fortschrittlichsten verfügbaren Modelle wirklich entwickeln und trainieren könnten. Diese werden einigen wenigen Unternehmen überlassen, die über das nötige Talent und die Ressourcen verfügen, um die Anforderungen eines KI-Systems zu bewältigen. Der Mangel an Verständnis, die Komplexität der Tools und die Kosten für die Rechenleistung führen zusammen zu einer unzusammenhängenden und herausfordernden Landschaft für jedes Unternehmen, das KI-kompetent sein möchte. Bei Vianai entwickeln wir Methoden, um die Verwendung von KI sowie das Verstehen und Beobachten zu vereinfachen und gleichzeitig die Ressourcen und Kosten, die mit der Erzielung der besten Leistung verbunden sind, erheblich zu reduzieren. Können Sie uns die Entstehungsgeschichte von Vianai erzählen? Ich habe viele Jahre damit verbracht, neue, bahnbrechende Innovationen in Unternehmen zu bringen. Meine Teams und ich haben mehrere Produkte entwickelt, die Zehntausende von Unternehmen erreichten und als Durchbruch galten. Ich habe auf meinen beiden Reisen vor der Gründung von Vianai auch zwei grundlegende Transformationen geleitet und an Transformationen in Hunderten von Unternehmen teilgenommen. Hinzu kam meine langjährige Beschäftigung mit KI und der Fokus darauf, wie man KI besser, relevanter und im Dienste der Menschheit machen kann. Auf etwas ungewöhnliche Weise kamen diese Dinge zusammen. Ich war mit meiner Familie im Urlaub in Südostasien [Ende 2018]. Wir kauften auf einem kleinen Markt ein und der Verkäufer hatte wunderschönen, handgefertigten Schmuck. Es wurde mit traditionellen Techniken und lokalen Steinen hergestellt und war atemberaubend, aber natürlich hatte außerhalb dieser kleinen Stadt niemand davon gehört. Und mir kam die Frage in den Sinn: „Was wäre, wenn dieser Anbieter KI nutzen könnte?“ Wie würde das aussehen? Wie müssten die Systeme funktionieren?“ In diesem Moment wurde mir klar, dass sich jedes Unternehmen auf der Welt durch KI verändern würde und dass diese Transformation nicht mit den Augen von gestern betrachtet werden konnte, sondern Produkte und Ideen brauchte, die bei Null beginnen mussten. Ungefähr einen Monat später gründete ich Vianai mit der Mission, Unternehmen auf der ganzen Welt echte, auf den Menschen ausgerichtete KI bereitzustellen. Dies bedeutet die Bereitstellung von Produkten und Dienstleistungen, Anwendungen und Technologien sowie Tools, die es Geschäftsanwendern, Datenwissenschaftlern, ML-Ingenieuren und sogar Anbietern in entlegenen Teilen der Welt ermöglichen, die Vorteile der KI wirklich zu nutzen. Seitdem haben wir Anwendungen entwickelt, die Unternehmen den Einstieg in die KI erleichtern, eine Plattform, die ML-Praktikern dabei hilft, ihre KI-Modelle zu verwalten und zu überwachen, sowie Optimierungstechniken, um mehr Unternehmen den Zugang zu KI zu ermöglichen. Bei allem haben wir festgestellt, dass das erhebliche Potenzial, die Kraft des menschlichen Verständnisses, der Urteilskraft und der Zusammenarbeit mit Daten und den besten KI-Techniken zusammenzubringen, noch ungenutzt bleibt. Basierend auf unserer Arbeit mit führenden Unternehmen habe ich erkannt, dass die gleichen Techniken, die dem kleinen Anbieter helfen würden, auch den größten Unternehmen der Welt helfen würden. Bei Vianai dreht sich alles um KI, die den Menschen in den Mittelpunkt stellt. Können Sie erklären, was das ist und warum es wichtig ist? Eine auf den Menschen ausgerichtete KI ist eine KI, die darauf abzielt, die menschliche Arbeit zu verstärken und das menschliche Urteilsvermögen zu verbessern. Maschinelles Lernen wird viel zu oft als Ersatz für menschliche Arbeit angesehen. Aber KI ist eine Ergänzung zum Menschen – sie bietet Skalierbarkeit, Wiederholbarkeit und Präzision, die Menschen nicht reproduzieren können. Aber KI kann menschliches Urteilsvermögen, menschliche Erfahrungen oder unser Kontextverständnis nicht nachbilden. Dafür gibt es offensichtliche Beispiele, zum Beispiel, dass die KI eine Schildkröte mit einem Gewehr verwechselt, aber viel häufiger vertrauen wir der KI zu sehr, wenn sie sich noch nicht als vertrauenswürdig erwiesen hat. Eine berüchtigte Geschichte stammt aus der Zeit vor einem Jahrzehnt, als die KI eines Unternehmens den Handel ohne menschliches Eingreifen ermöglichte. Der Algorithmus verlor in weniger als einer Stunde 440 Millionen US-Dollar. Ein neueres Beispiel: Moderne Sprachmodelle sind nach wie vor relativ leicht zu verwirren oder zu verzerren. Text-zu-Bild-Generatoren sind potenziell leistungsstark, erfordern jedoch sehr spezifische Befehle eines menschlichen Benutzers, um ihr volles Potenzial auszuschöpfen. Die menschzentrierte KI ist also eine Art Schwerpunkt bei der Gestaltung unserer Produkte. Wir kombinieren die Kraft des menschlichen Verständnisses – wie Urteilsvermögen und Zusammenarbeit – mit den besten Daten- und KI-Techniken, um intelligente Systeme zu schaffen, die Geschäftsergebnisse und -prozesse erheblich verbessern können. Können Sie die Notwendigkeit einer Rückkopplungsschleife zwischen Mensch und KI erklären? Es gibt einen ganzen Zweig der KI namens „Mensch in der Schleife”das auf den Feedback-Mechanismen des Menschen basiert, um die Leistung der KI auf natürliche Weise zu verbessern. Das ist natürlich und für jedes System sinnvoll. KI-Systeme können sich im Laufe der Zeit durch Umschulung verbessern, die alle Aktionen des Benutzers einbezieht. Selbstverständlich gehört dies auch zu unseren Anwendungen. Lassen Sie mich ein Beispiel geben. Vor Corona arbeiteten wir mit einem großen Finanzdienstleistungsunternehmen an Nachfrageprognosen. Aufgrund der Art und Weise, wie wir das System konzipiert haben, passte sich unseres, als Covid kam und so viele andere Modelle kaputt machte, schnell an die Veränderungen an und musste nie neu aufgebaut werden. Dies ist der zweite und wichtigste Aspekt der menschenzentrierten KI, bei der die Systeme von Anfang an so gestaltet werden, dass sie die Komplexität des modernen Lebens berücksichtigen. Dadurch entsteht Vertrauen und ein System, das mit der Organisation und dem Benutzer wächst. Was macht Vianai zu einer KI-Plattform der nächsten Generation? Obwohl viel über Risiko, Regulierung und das Versprechen der KI diskutiert wird, haben nur wenige nach der unserer Meinung nach Lösung gesucht – dem Konzept der menschenzentrierten KI. Unsere Plattform ist dann für die Probleme gerüstet, die mit der immer realeren KI-Einbindung in Unternehmen einhergehen. Es geht darum, Probleme im Zusammenhang mit Vertrauen, Voreingenommenheit und Transparenz anzugehen. Es ermöglicht Unternehmen, KI mit Überwachung und Optimierung zu skalieren. Und es ermöglicht technisch nicht versierten Benutzern, KI durch unsere Anwendungen zu nutzen. Was sind einige der Herausforderungen beim Aufbau einer Plattform, die das Erlebnis für Unternehmens-KI drastisch optimiert? Die größten Herausforderungen, die wir in Unternehmen sehen, die KI integrieren, sind Talente, Tools und Technologie. Erstens sind Talente tendenziell an wenigen Orten konzentriert, insbesondere in größeren Technologieunternehmen. Dies macht es für externe Teammitglieder sehr schwierig, sich an der Aufsicht, Steuerung und Gestaltung des KI-Programms zu beteiligen, und kann zu noch mehr Voreingenommenheit führen, da nur eine begrenzte Anzahl von Teammitgliedern an den Abläufen arbeitet. Auch Technologie und Tools können eine Herausforderung bei der Optimierung der KI darstellen. Derzeit sind sowohl die Technologie als auch die Tools begrenzt. Chips zur Ausführung von KI sind rar und sehr teuer, und Tools sind an bestimmte Anbieter gebunden, was die Freiheit zur Kostenoptimierung bei gleichzeitiger Wertsteigerung einschränkt. Unabhängig davon, wo sich ein Unternehmen auf seinem Weg zur Unternehmens-KI befindet, können diese Herausforderungen die Implementierung nützlicher und ethischer KI zu einer Herausforderung machen, da sie eine unzusammenhängende, fragmentierte Strategie schafft und die zur Ausführung der richtigen Funktionen erforderlichen Tools entfernt. Unternehmen müssen in der Lage sein, alle Bereiche der KI von der Implementierung bis zur Wartung zu unterstützen und über das Team zu verfügen, das sie unterstützt und Beiträge leistet, um sie zum Erfolg zu führen. Ich habe herausgefunden, dass Plattformfunktionen für echten Erfolg vollständig offen, modular und flexibel sein müssen und nicht von kostspieligen Hardware- und Software-Upgrades abhängig sein müssen. Und mit einem menschenzentrierten Ansatz sind Menschen immer noch in der Lage, Wissen, Kontext, Erfahrungen und Kreativität in die Lösung von Problemen einzubringen – dies wird dann durch die KI-Plattform verstärkt und nicht ersetzt. Gibt es noch etwas, das Sie über Vianai mitteilen möchten? Wir leben in vielerlei Hinsicht im Zeitalter der KI. Es gibt viel Hype und Diskussionen rund um KI, was im Großen und Ganzen eine gute Sache ist. Wir sehen viele Fortschritte und eine breitere Akzeptanz als in der Vergangenheit in Bereichen wie der generativen KI und anderen Bereichen. Wir sollten jedoch auch daran arbeiten, die Grenzen der KI zu erkennen – die Realitäten der heutigen KI-Technologie sowie die Realitäten des Mangels an Fachwissen im Bereich KI und des mangelnden Vertrauens in KI, insbesondere in Unternehmen. Wenn wir KI als Verstärker unseres Lebens, unserer Gesellschaft, unserer Arbeit und unseres Potenzials betrachten können und die nötige Kontrolle über die KI haben, um dies sicherzustellen, dann glaube ich, dass wir sie endlich auf sinnvolle und transformierende Weise zum Leben erwecken können."
3a352996-4ef3-4202-a5f9-be62fb9dd5f4,2022-11-22 07:00:00+00:00,"Letztendlich passt wieder alles gut zusammen: SAP erhöht die Cloud-Subskription und Pflegegebühr um 3,3 Prozent und mit dieser Ansage stellt sich nicht SAP-Chef Christian Klein den DSAG-Mitgliedern auf dem Jahreskongress in Leipzig, sondern schickt Vorstandsmitglied Thomas Saueressig in die Höhle des Löwen. SAP teilt ihren Erfolg mit der SAP-Community, aber man tut es nach den eigenen Regeln – SAP teilt gerecht und jeder bekommt ein Stück vom Kuchen, siehe Illustration mit Ex-SAP-Chef Professor Henning Kagermann. Christian Klein muss es vielen Gruppen immer wieder recht machen: Aktionären, Partnern, Bestandskunden, Mitarbeitern, Analysten und Journalisten. Der Aktienkurs soll steigen, aber die Preise für Cloud, On-prem-Lizenzen und Pflege sinken. Es bleibt eine Quadratur des Kreises. Es gibt eine Exitstrategie, von der bei SAP niemand etwas hören will: mehr Bescheidenheit, mehr Offenheit, mehr Transparenz, mehr Partnerschaft und mehr Kommunikation. Würde sich SAP bescheidener geben, dann sollte die ECC-Pflegegebühr sinken. ECC ist ein Auslaufmodell. ECC wird kaum mehr weiterentwickelt, der Support ist standardisiert und weitgehend automatisiert. Mit modernen IT-Werkzeugen sollten die Herausforderungen mit der Hälfte des Aufwands im Vergleich zu vor fünf Jahren erfolgen – was bedeuten könnte, dass die Pflegegebühr nicht um 3,3 Prozent steigt, sondern sich pro Jahr um fünf Prozent verringert, oder? Es ist beschönigend, mildernd oder verschleiernd, wenn in der Überschrift steht: die bescheidene SAP. Auch ist SAP weder offen noch transparent noch kommunikativ: Das neue Format der Hausmesse Sapphire mit „Invitation-only“ ist eine Kapitulation vor diesem Zeitalter. Die Deutsche Telekom verwandelt ganz Köln in ein Festivalgelände, um die Zukunft zu präsentieren. Sie organisiert offene Podiumsdiskussionen und Straßenfeste, während sich SAP versteckt und einigelt, aber von Cloud und Open Source philosophiert. SAP braucht nicht nur einen Nachfolger für Hana und S/4, sondern auch ein neues „Storytelling“ für Aktionäre und Bestandskunden. Bei den betriebswirtschaftlichen, organisatorischen, lizenzrechtlichen und technischen Roadmaps ist SAP-Chef Christian Klein sehr bescheiden – hier im wahrsten Sinn des Wortes: Was plant SAP für jenseits von 2025 und 2030? Bis 2040 wird es einen Support für das nicht mehr zeitgemäße S/4 geben – der Rest ist Sendepause. SAP beansprucht viel (siehe Illustration) und gibt nur wenig. Die allermeisten SAP-Aussagen gehören demnach in den Bereich des Euphemismus – eine Beschönigung, ein Hehlwort, Hüllwort oder Verbrämung. Es ist ein sprachlicher Ausdruck, der eine Person, eine Personengruppe, einen Gegenstand oder einen Sachverhalt beschönigend, mildernd oder in verschleiernder Absicht benennt. Wie spricht die SAP-Community auf dem DSAG-Jahreskongress in Leipzig über SAP?"
298ce376-3e2d-4d0c-a265-4232ef7fb77f,2022-11-22 08:00:00+00:00,"Akquisition von LNW-Soft Die Public Cloud Group kauft SAP-Kompetenz ein Anbieter zum Thema Die Public Cloud Group übernimmt den SAP-Spezialisten LNW-Soft aus Erding. Damit ist der Ulmer Multicloud-Dienstleister künftig in der Lage, die SAP-Workloads von Kunden auf die Plattformen von AWS, Google und Microsoft zu migrieren und dort zu betreiben. Ein Unternehmen wie LNW-Soft hat der Public Cloud Group (PCG) bislang noch gefehlt. Das Software- und Beratungshaus aus Erding fokussiert sich auf SAP und unterstützt Kunden dabei, ihre kritischen Workloads in die Cloud zu migrieren und dort mit hohem Automatisierungsgrad zu betreiben. Mit diesem Profil passt es ideal zur strategischen Ausrichtung der Gruppe, wie deren CEO Oliver Schallhorn fand, als er vor ein paar Monaten auf den Spezialisten aufmerksam wurde. Der IT-Profi schlug daher LNW-Gesellschafter Lénárd Buday vor, sich mit seinem 25-köpfigen Team der PCG anzuschließen, und konnte ihn überzeugen. Der Multicloud-Dienstleister mit Hauptsitz in Ulm gibt die Übernahme von LNW-Soft heute offiziell bekannt. Durch diese Transaktion steht in groben Zügen das Leistungsportfolio, mit dem sich der noch junge Verbund am Markt positionieren will. Im Mai dieses Jahres, als sich die Spezialisten Innovations On, Di-On.Solutions (beide Ulm), Cloudwürdig (Magstadt bei Stuttgart) und Switcom (Hamburg) zur PCG formierten, definierten sie ihre Schwerpunkte: Infrastruktur, Workplace, Software-Entwicklung, Security und SAP. Dabei legten die Cloud-Experten zugleich fest, dass sie sich mit ihren Leistungen auf die Welt der Hyperscaler AWS, Google und Microsoft konzentrieren wollen. Im August baute die Gruppe ihre Kompetenz auf dem Feld der Cloud-nativen Software-Entwicklung durch die Akquisition des Schweizer Dienstleisters Miracle Mill aus. Der fehlende Part des SAP-Spezialisten blieb derweil noch unbesetzt und wird jetzt von LNW-Soft übernommen. Der Dienstleister aus Erding sei „wie ein Puzzle-Teil, das sich perfekt in unser Gesamtbild einfügt“, betont Schallhorn. Architekturen neu gedacht Das oberbayrische Unternehmen wurde 2007 von Buday gegründet, der die Geschäfte heute zusammen mit dem SAP-Consultant Raphael Schiller führt. Neben dem Erdinger Hauptsitz unterhält das Beratungshaus einen weiteren Standort in Jena. Es unterstützt Mittelständler und Konzerne bei der Konzeption, der Implementierung und dem Betrieb von SAP-Lösungen. Da viele Kunden im Zuge der Umstellung auf die neueste Produktgeneration S /4 Hana mit ihren ERP-Systemen in die Cloud gehen, begleitet LNW-Soft sie bei dieser Transformation. Dabei komme es darauf an, dass „ein Großteil der Architekturen nicht nur stupide übertragen, sondern grundlegend neu gedacht wird“, erläutert Buday. Um sich dafür von manuellen Prozessen zu entlasten, haben die Oberbayern eine Software entwickelt, mit der sich die Migration der SAP-Workloads automatisieren lässt. Diese Software hält Schallhorn neben dem Knowhow der Berater und Entwickler für das wichtigste Asset des jüngsten PCG-Mitglieds. „Die Tools von LNW-Soft erlauben es, SAP-Migrationen in die Cloud mit weniger Headcount und mehr Intelligenz umzusetzen.“ Bislang brachte der Dienstleister, der auch Gold-Partner von Microsoft ist, die Workloads seiner Kunden vor allem auf Azure. Bei SAP auf der Microsoft-Plattform sieht Buday das Unternehmen sogar als Vorreiter im deutschen Markt. Unter dem Dach der PCG wollen die Erdinger ihre Leistungen in Zukunft auf AWS und Google ausdehnen. „Die Integration weiterer Hyperscaler in unsere Betriebsplattform und die Erschließung zugehöriger Kundensegmente ist strategisch auf der Roadmap“, kündigt Geschäftsführer Schiller an. Ganzheitliches Werteversprechen Als einen wesentlichen Grund für den Anschluss an die PCG nennt der Manager das Betriebsteam der Gruppe, die sogenannten Managed Cloud Operations, auf deren Unterstützung der SAP-Dienstleister künftig zugreifen könne. „Wir bündeln Kompetenzen und möchten unseren Kunden nicht nur eine hochmoderne Plattform, sondern auch das passende Managed-Service-Angebot mitliefern.“ Umgekehrt ist die PCG nun, wie Schallhorn zusammenfasst, „in der Lage, ihr Werteversprechen zu halten: Egal ob Security, Workplace, Managed Cloud Operations, Infrastructure, Cloud Development, Multicloud-Szenarien oder nun auch SAP Cloud Services, wir können es auf allen drei relevanten Hyperscalern.“ Die Gruppe sei einer von wenigen Dienstleistern in Europa, die Kunden „ganzheitlich dabei unterstützen können, ihre IT-Landschaft auf AWS, Microsoft und Google aufzubauen und zu betreiben“. Durch die Akquisition von LNW-Soft wächst die Zahl der PCG-Mitarbeiter auf etwa 300 an. Die Zahl der Standorte erhöht sich in Deutschland auf acht. Daneben ist der Multicloud-Dienstleister auch in Österreich, der Schweiz, Schweden, Griechenland, Nordmazedonien und Bulgarien mit Niederlassungen präsent. Der strategische Aufbau der Gruppe ist mit der Akquisition nach Schallhorns Worten weitgehend abgeschlossen. Zu den bestehenden Business Units, die weiter personell aufgestockt werden, sollen vorerst keinen zusätzlichen mehr hinzukommen. Ausbau der Security-Kompetenz Neben der Integration von LNW-Soft steht bei der PCG für die kommenden Monate der Ausbau der Sicherheitskompetenz auf der Agenda. Dazu haben die Ulmer den Security-Experten Thomas Schmidt verpflichtet, der bislang als Director Solutions & Architecture beim Systemhaus Cancom tätig war. Er wird vom kommenden Monat an ein 30-köpfiges Team formieren, das sich mit Themen wie Cloud Governance und Cloud Security befasst und dessen Mitarbeiter auf die Business Units verteilt arbeiten werden. Dem CEO zufolge investiert die PCG in den Aufbau dieser Mannschaft einen siebenstelligen Betrag. Wissen, was läuft Täglich die wichtigsten Infos aus dem ITK-Markt Geschäftliche E-Mail Bitte geben Sie eine gültige E-Mailadresse ein. Mit Klick auf „Newsletter abonnieren“ erkläre ich mich mit der Verarbeitung und Nutzung meiner Daten gemäß Einwilligungserklärung (bitte aufklappen für Details) einverstanden und akzeptiere die Nutzungsbedingungen. Weitere Informationen finde ich in unserer Datenschutzerklärung. Aufklappen für Details zu Ihrer Einwilligung Stand vom 30.10.2020 Es ist für uns eine Selbstverständlichkeit, dass wir verantwortungsvoll mit Ihren personenbezogenen Daten umgehen. Sofern wir personenbezogene Daten von Ihnen erheben, verarbeiten wir diese unter Beachtung der geltenden Datenschutzvorschriften. Detaillierte Informationen finden Sie in unserer Datenschutzerklärung. Einwilligung in die Verwendung von Daten zu Werbezwecken Ich bin damit einverstanden, dass die Vogel IT-Medien GmbH, Max-Josef-Metzger-Straße 21, 86157 Augsburg, einschließlich aller mit ihr im Sinne der §§ 15 ff. AktG verbundenen Unternehmen (im weiteren: Vogel Communications Group) meine E-Mail-Adresse für die Zusendung von redaktionellen Newslettern nutzt. Auflistungen der jeweils zugehörigen Unternehmen können hier abgerufen werden. Der Newsletterinhalt erstreckt sich dabei auf Produkte und Dienstleistungen aller zuvor genannten Unternehmen, darunter beispielsweise Fachzeitschriften und Fachbücher, Veranstaltungen und Messen sowie veranstaltungsbezogene Produkte und Dienstleistungen, Print- und Digital-Mediaangebote und Services wie weitere (redaktionelle) Newsletter, Gewinnspiele, Lead-Kampagnen, Marktforschung im Online- und Offline-Bereich, fachspezifische Webportale und E-Learning-Angebote. Wenn auch meine persönliche Telefonnummer erhoben wurde, darf diese für die Unterbreitung von Angeboten der vorgenannten Produkte und Dienstleistungen der vorgenannten Unternehmen und Marktforschung genutzt werden. Falls ich im Internet auf Portalen der Vogel Communications Group einschließlich deren mit ihr im Sinne der §§ 15 ff. AktG verbundenen Unternehmen geschützte Inhalte abrufe, muss ich mich mit weiteren Daten für den Zugang zu diesen Inhalten registrieren. Im Gegenzug für diesen gebührenlosen Zugang zu redaktionellen Inhalten dürfen meine Daten im Sinne dieser Einwilligung für die hier genannten Zwecke verwendet werden. Recht auf Widerruf Mir ist bewusst, dass ich diese Einwilligung jederzeit für die Zukunft widerrufen kann. Durch meinen Widerruf wird die Rechtmäßigkeit der aufgrund meiner Einwilligung bis zum Widerruf erfolgten Verarbeitung nicht berührt. Um meinen Widerruf zu erklären, kann ich als eine Möglichkeit das unter https://support.vogel.de abrufbare Kontaktformular nutzen. Sofern ich einzelne von mir abonnierte Newsletter nicht mehr erhalten möchte, kann ich darüber hinaus auch den am Ende eines Newsletters eingebundenen Abmeldelink anklicken. Weitere Informationen zu meinem Widerrufsrecht und dessen Ausübung sowie zu den Folgen meines Widerrufs finde ich in der Datenschutzerklärung, Abschnitt Redaktionelle Newsletter. Hinter der Gruppe steht die Nord Holding als Investor. Die Private-Equity-Gesellschaft aus Hannover erwarb im Mai 2021 zunächst den Google-Cloud-Partner Cloudwürdig, den AWS-Spezialisten Innovations On und dessen Tochter Di-on.Solutions. Im November des vergangenen Jahres Jahres stieß der Microsoft-Partner Switcom hinzu. Der offizielle Launch der PCG erfolgte, wie gesagt, im Mai dieses Jahres. Oliver Schallhorn im Interview „Wir bauen den besten Multicloud-Dienstleister in Deutschland auf“ Ausbau der Entwickler-Skills Public Cloud Group übernimmt Miracle Mill Spezialist für Hyperscaler Die Public Cloud Group formiert sich (ID:48751999)"
43dfc945-36ff-4b5d-805d-5079d95fe0f1,2022-11-22 09:05:46+00:00,"Der Chef des einzigen deutschen IT-Weltkonzerns erwartet die SZ am Firmensitz in Walldorf bei Heidelberg. Er hat den Tag mit Squash begonnen, nun lehnt Christian Klein vor dem Konferenzraum an der Wand und telefoniert. Das wird er heute noch häufiger tun: Seine Vorstandskolleginnen und -kollegen sind in der Welt unterwegs. SAP wird aus dem badischen Walldorf geführt, aber auch aus New York und Seattle."
4b53d9cc-8570-48f6-96f7-dfbc27fb8e51,2022-11-23 13:30:00+00:00,"ERP-Markt IFS profitiert vom ­Knirschen im SAP-Umfeld Anbieter zum Thema Den Wechsel hin zu einer In-Memory-Datenbanktechnologie bei SAP will nicht jeder Kunde mitgehen, zumal der Beratermarkt wie leergefegt ist. ERP-Hersteller IFS, der sich im selben Marktumfeld bewegt, kann davon profitieren und will den indirekten Vertrieb aufbauen. Mit der IFS-Cloud-Lösung sieht sich das Unternehmen ähnlich aufgestellt wie der Grundgedanke einer SAP früher einmal war: Es wird eine Single-Plattform-Strategie bei einer Single-Codebase verfolgt, die modular aufgebaut ist. Zu den Modulen zählen neben klassischem ERP die Bereiche HR, Finance, CRM, IoT-Konnektoren, Field-Service-Management, MRO (Maintenance, Repair and Operations), Produktion, Projekt- sowie Asset-Management. Vergleichen ist nicht Gleichsetzen Nun vergleichen sich viele ERP-Anbieter mit SAP, jedoch bewegt IFS auch von den Projekten her in ähnlichen Komplexitätsgraden. „Wenn es eine vielschichtige Infrastruktur, Assets, Anlagen, am besten noch in mehreren Ländern abzudecken gilt, können wir unsere Stärken ausspielen, mit klassischem ERP, Asset- sowie Service-­Management“, sagt Frank Beerlage, General Manager DACH und Benelux bei IFS. Aber auch einfache Szenarien decke man ab. Sein Kollege Thomas Knorr, Sales Direc­tor Installed Base & Channel, VP Alliances DACH bei IFS, veranschaulicht: „IFS hat Kunden mit 80 Usern aber auch beispielsweise die Telekom mit 17.000 Mitarbeitern oder die US Navi mit 300.000 Nutzern.“ Zu den größten Kunden in Europa zählt zum Beispiel TetraPak. Vom Mittelstands- zum Großkunden mit dem Channel Der Software-Hersteller kommt aus dem Mittelstand und hat sich sozusagen zum Großkunden-Segment hochgearbeitet. Früher setzte man primär auf einen reinen Direktvertrieb, jetzt soll mit Channel-Partnern an der Seite hoch skaliert werden. Der General Manager beschreibt die Situation folgendermaßen: „Wir kommen ursprünglich aus dem Direktgeschäft und haben weiterhin große Beraterkapazitäten auf der Gehaltsliste. Letzteres soll auch so bleiben, wenngleich diese Ressourcen sukzessive dafür eingesetzt werden können, unser wachsendes Partnernetzwerk in seinen Projekten zu unterstützen.“ Mit unserer IFS-Cloud-Lösung sind wir ähnlich aufgestellt wie zum Beispiel der Grundgedanke einer SAP früher einmal war. Frank Beerlage, General Manager DACH und Benelux bei IFS Fokus auf fünf Segmente Einen starken Branchenfokus verfolgt IFS auf die fünf Segmente Manufacturing, ­Service Industries, Energy, Utilities and ­Resources, Engineering and Construction, sowie Aerospace and Defense. Dabei funktioniert die Software gleichermaßen als On-Premises-Lösung wie aus der Cloud ­heraus. Hier ist jeweils exakt das gleiche System im Einsatz, nur unter einem anderen Bereitstellungsmodell, so dass auch der Wechsel vom eigenen Datacenter in die Cloud oder andersherum umsetzbar ist. „Einige Kunden wollen das System zunächst im eigenen Datacenter einsetzen und später in die Cloud wechseln“, berichtet Beerlage. Was die Einführung angeht sei das System, natürlich abhängig vom Projekt, in neun bis zwölf Monaten inte­grierbar. IFS hat Kunden mit 80 Usern aber auch beispielsweise die Telekom mit 17.000 Mitarbeitern oder die US Navi mit 300.000 Nutzern. Thomas Knorr, Sales Director Installed Base & Channel, VP Alliances DACH bei IFS Wechselwillige Kunden Das ERP-System verfolge die Philosophie, alle Prozesse mit einer Plattform abzu­decken, in Form eines modularen Systems, das mit offenen APIs arbeitet und in das sich ISVs mit Erweiterungen einbringen können, erläutert Knorr, „beispielsweise Zollabwicklung, CAD-Daten-Anbindung oder eine Erweiterung in Hinblick auf den Industriestandard GAEB aus der Baubranche“. Die Hauptkonkurrenten seien neben SAP auch Infor und Microsoft. Kunden sind derzeit vor allem aus zweierlei Gründen wechselwillig, sagt Knorr. Da gebe es die Gruppe jener, die den Weg zu sehr komplexen Software-Lösungen, wie zum Beispiel im Fall von proprietären In-Me­mory-Computing-Plattformen (wie SAP), nicht mitgehen wollen oder mangels verfügbarer Beraterressourcen am Markt nicht können. Andere decken zunächst Teillösungen mit IFS ab und setzen irgendwann voll darauf. „Beispielsweise sind wir besonders stark im Segment Field Services.“ Prozessberater sind gefragt Was die gesuchten Partner angeht, ist die Bandbreite groß und reicht von fünf bis 80 und mehr Mitarbeitern. „Selbstverständlich sind wir auch an versierten Microsoft- oder SAP-Partnern interessiert, die sich umorientieren oder das Portfolio erweitern wollen“, so der Channel-Chef. IFS-Partner sollen Prozessberater sein. „Hierbei ist – wenn man das so ausdrücken will – durchaus ab und an Erziehungsarbeit hin zu Standardprozessen beim Kunden gefragt“, so Knorr weiter. Standard ist günstiger Denn individuell programmierte Erweiterungen oder Komponenten, die von den Standard-Modulen abweichen, müssen bei jedem Update angepasst werden, was mit Folgekosten einhergeht. IFS-Kunden können Geld sparen, wenn sie sich von alten Gewohnheiten beziehungsweise Business-Prozessen lösen, die individuell abgedeckt und programmiert werden müssen und auf die Standard-Vorgehensweise umschwenken. „Unsere Berater und Channel-Partner nutzen hierfür ein hauseigenes Tool, das DBVA (Digital Business Value Assessment) in Verbindung mit einem Scoping-Tool, mit dem Kunden exakt vorgerechnet werden kann, welche zeitlichen und monetären Aufwände mit Sonderwünschen abseits des Standards einhergehen“, verrät Knorr. Wissen, was läuft Täglich die wichtigsten Infos aus dem ITK-Markt Geschäftliche E-Mail Bitte geben Sie eine gültige E-Mailadresse ein. Mit Klick auf „Newsletter abonnieren“ erkläre ich mich mit der Verarbeitung und Nutzung meiner Daten gemäß Einwilligungserklärung (bitte aufklappen für Details) einverstanden und akzeptiere die Nutzungsbedingungen. Weitere Informationen finde ich in unserer Datenschutzerklärung. Aufklappen für Details zu Ihrer Einwilligung Stand vom 30.10.2020 Es ist für uns eine Selbstverständlichkeit, dass wir verantwortungsvoll mit Ihren personenbezogenen Daten umgehen. Sofern wir personenbezogene Daten von Ihnen erheben, verarbeiten wir diese unter Beachtung der geltenden Datenschutzvorschriften. Detaillierte Informationen finden Sie in unserer Datenschutzerklärung. Einwilligung in die Verwendung von Daten zu Werbezwecken Ich bin damit einverstanden, dass die Vogel IT-Medien GmbH, Max-Josef-Metzger-Straße 21, 86157 Augsburg, einschließlich aller mit ihr im Sinne der §§ 15 ff. AktG verbundenen Unternehmen (im weiteren: Vogel Communications Group) meine E-Mail-Adresse für die Zusendung von redaktionellen Newslettern nutzt. Auflistungen der jeweils zugehörigen Unternehmen können hier abgerufen werden. Der Newsletterinhalt erstreckt sich dabei auf Produkte und Dienstleistungen aller zuvor genannten Unternehmen, darunter beispielsweise Fachzeitschriften und Fachbücher, Veranstaltungen und Messen sowie veranstaltungsbezogene Produkte und Dienstleistungen, Print- und Digital-Mediaangebote und Services wie weitere (redaktionelle) Newsletter, Gewinnspiele, Lead-Kampagnen, Marktforschung im Online- und Offline-Bereich, fachspezifische Webportale und E-Learning-Angebote. Wenn auch meine persönliche Telefonnummer erhoben wurde, darf diese für die Unterbreitung von Angeboten der vorgenannten Produkte und Dienstleistungen der vorgenannten Unternehmen und Marktforschung genutzt werden. Falls ich im Internet auf Portalen der Vogel Communications Group einschließlich deren mit ihr im Sinne der §§ 15 ff. AktG verbundenen Unternehmen geschützte Inhalte abrufe, muss ich mich mit weiteren Daten für den Zugang zu diesen Inhalten registrieren. Im Gegenzug für diesen gebührenlosen Zugang zu redaktionellen Inhalten dürfen meine Daten im Sinne dieser Einwilligung für die hier genannten Zwecke verwendet werden. Recht auf Widerruf Mir ist bewusst, dass ich diese Einwilligung jederzeit für die Zukunft widerrufen kann. Durch meinen Widerruf wird die Rechtmäßigkeit der aufgrund meiner Einwilligung bis zum Widerruf erfolgten Verarbeitung nicht berührt. Um meinen Widerruf zu erklären, kann ich als eine Möglichkeit das unter https://support.vogel.de abrufbare Kontaktformular nutzen. Sofern ich einzelne von mir abonnierte Newsletter nicht mehr erhalten möchte, kann ich darüber hinaus auch den am Ende eines Newsletters eingebundenen Abmeldelink anklicken. Weitere Informationen zu meinem Widerrufsrecht und dessen Ausübung sowie zu den Folgen meines Widerrufs finde ich in der Datenschutzerklärung, Abschnitt Redaktionelle Newsletter. (ID:48744596)"
8e9d973e-c039-4a04-8d69-76ec26026c28,2022-11-24 05:00:00+00:00,"Anzeige Im Februar kündigte SAP an, für die deutsche Verwaltung ein spezielles Cloud-Angebot auf Basis von Microsoft-Software zu schaffen, jetzt wird es konkret: Der Walldorfer Softwareanbieter hat inzwischen eine Tochtergesellschaft namens Delos Cloud gegründet, die die Rechenzentren betreiben soll. Diese hat nun das Ziel ausgerufen, den Aufbau binnen zwei Jahren abzuschließen. ""Final soll die Delos-Cloud 2024 vom Bundesamt für Sicherheit in der Informationstechnik (BSI) geprüft und auf Grundlage der dabei erzielten Ergebnisse abgenommen werden"", schreibt Delos-Chef Georges Welz in der Zeitschrift ""Datenschutz und Datensicherheit"". Delos baut aktuell keine neuen Rechenzentren, sondern mietet Räumlichkeiten in zwei existierenden deutschen Colocation-Rechenzentren an. ""Das hat tatsächlich einfach etwas mit Geschwindigkeit zu tun"", sagte der ehemalige Microsoft-Manager Welz in einer Diskussionsrunde der Zeitschrift Behörden-Spiegel. Ein Neubau wäre innerhalb der aktuellen Legislaturperiode nicht zu schaffen, erklärte er. Microsoft und SAP sprechen von einer ""souveränen"" Cloud, weil die Rechenzentren von Delos statt von Microsoft betrieben werden sollen, sodass US-Behörden rechtlich gesehen nicht auf Daten zugreifen können. Die Cloud soll auch technisch von Microsofts globaler Cloud-Infrastruktur getrennt bleiben. Kern der Delos-Cloud ist Microsofts Azure-Plattform. Darauf sollen außer Microsoft 365 auch Clouddienste zahlreicher anderer Anbieter verfügbar sein. Anzeige Aus Sicht deutscher Anbieter von Open-Source-Software begibt sich der Staat mit dem Delos-Konzept in eine Abhängigkeit von Microsoft. Außerdem könnten Hintertüren in der Software nicht ausgeschlossen werden, warnte der Verband Open Source Business Alliance im Februar. Die Bundesregierung entwickelt zusammen mit den Bundesländern und dem Dienstleister Dataport auch den sogenannten ""souveränen Arbeitsplatz"", der aus quelloffenen Anwendungen besteht und zu einer Microsoft-365-Alternative reifen soll. c’t – Europas größtes IT- und Tech-Magazin Alle 14 Tage präsentiert Ihnen Deutschlands größte IT-Redaktion aktuelle Tipps, kritische Berichte, aufwendige Tests und tiefgehende Reportagen zu IT-Sicherheit & Datenschutz, Hardware, Software- und App-Entwicklungen, Smart Home und vielem mehr. Unabhängiger Journalismus ist bei c't das A und O. c’t-Ausgaben online lesen c’t im heise-Shop kaufen"
db81f4ce-af7b-4003-b358-131a2f1ceaff,2022-11-24 22:15:00+00:00,"Startseite Wirtschaft Autopapst Dudenhöffer: China-Bashing nicht gut für den Industrie-Standort Deutschland Von: Thomas Schmidtutz Der Autoexperte Prof. Ferdinand Dudenhöffer hat die Bundesregierung vor einem harten China-Kurs gewarnt. Gefragt sei Kooperation statt Konfrontation, sagte Dudenhöffer im Interview. München - Der Autoexperte Prof. Ferdinand Dudenhöffer hat den Stuttgarter Autobauer Mercedes-Benz zu einer Kurskorrektur aufgefordert. Die klare Konzentration auf das Luxus-Segment unter dem neuen Konzernchef Ola Källenius sei ein „Fehler“, sagte der Chef des Duisburger Center Automotive Research (CAR) gegenüber Merkur.de. Herr Prof. Dudenhöffer, die großen Autobauer sind weltweit mitten im Umbruch in Richtung E-Mobilität. Das hat Folgen auch für die Beschäftigten. Laut Ford-Chef Jim Farley benötigt man für die Produktion von E-Autos bis Ende des Jahrzehnts 40 Prozent weniger Personal als für Verbrenner. Teilen Sie diese Einschätzung? Was der Ford Chef natürlich nicht sagt, ist, dass innovative Unternehmen wie etwa der VW-Konzern neue Wertschöpfungspotentiale in der Batterie-Produktion, in der Software, in Ladelösungen, Auto-Abos und Finanzdienstleistungen ausbauen. Ford macht das nach meinem Wissen nirgends. Man hat sogar vor ein paar Tagen Argo AI... …einem Entwickler von Roboter-Autos zum autonomen Fahren…. …aufgelöst, einen der Hoffnungsträger. Das Auto der Zukunft ist also wesentlich mehr als vier Räder mit Elektromotor. Da muss man nur nach China schauen, um zu sehen, wie das funktioniert. Also Ford steht wenig für neue Wertschöpfungspotentiale und die Zukunft, sondern für die alte Welt des „hire & fire“. Es ist die alte Welt der car guys, die nach meiner Einschätzung wenig zukunftsfähig sind. Um Massen-Entlassungen zu verhindern, müssten die Hersteller Teile der Produktion, die bei Zulieferern liege, wieder zurückholen, sagt Farley. Geht das überhaupt? Auch das ist eine alte Managementmethode, die eher zeigt, dass man ideenlos ist und sich in die Zukunft sparen will. Die Phasen des sogenannten In-Sourcing sind bei schwachen Unternehmen immer mal wieder zu beobachten, aber im Vergleich zu den wichtigen Zulieferern ist man mit seiner eigenen Größe hier eher weniger wettbewerbsfähig. Nach meiner Einschätzung wird Ford damit schwächer statt stärker. Es ist ein kurzfristiges Agieren, eher aktionistisch statt strategisch. Zukunftsfähige Unternehmen baut man so auf, dass man klar überlegt, was die wichtigen Kernkompetenzen sind und nicht anfängt, morgen etwa Autositze zu basteln. Also sind durch den Umbau Richtung E-Mobilität vor allem Jobs bei den Zulieferern bedroht? Wir werden ein Plus bei den Beschäftigungszahlen haben, wenn wir alles dazu nehmen, was zum Auto der Zukunft gehört. BMW, VW und Co. beschäftigen hierzulande knapp 800.000 Mitarbeiterinnen und Mitarbeiter. Dazu kommen weitere drei Millionen Jobs bei Zulieferern. Was erwarten Sie hier für 2030? Bei den klassischen Auto-Zulieferern haben wir sicher ein Problem. Aber das hängt zum Teil an den Unternehmen. Man hat die Batterie „verschlafen“, sich nicht um neue Geschäftsfelder wie Ladelösungen und Infrastruktur gekümmert und deutlich zu wenig die Software-Entwicklungen nach vorne getrieben. Genau das sind aber die Felder, die morgen die Jobs bringen und genau das ist die „Neue Zulieferindustrie“. Wir sprechen jetzt eher über die BASF und ähnliche Schwergewichte, die die Zukunft ausmachen. Das Gleiche gilt übrigens für die IT in Deutschland. SAP ist nach meiner Einschätzung ein langsames Unternehmen und hat im Vergleich zu Unternehmen aus USA und China viel verloren. In China kommen die deutschen Hersteller bei ihrer E-Offensive bislang noch nicht so richtig voran. Erst vor wenigen Tagen hat Mercedes-Benz angekündigt, in China die Preise deutlich zu senken und damit einen Kursrutsch ausgelöst. Danach sollen die Preise für das nagelneue Top-Modell EQS um 11 bis 22 Prozent sinken, für den gerade vorgestellten EQE um neun Prozent. Auch VW tut sich mit seinen E-Autos in China unerwartet schwer. Müssen wir uns Sorgen machen? Bei Mercedes hat der neue Chef Ola Källenius zu stark das reine Luxus-Segment betont. Nach meiner Einschätzung ein Fehler. Mercedes ohne A-Klasse-Segment ist schwächer, denn gerade da gilt es, die Kostenvorteile zu holen. Bei VW ist seit einigen Monaten die Trendwende in China zu sehen und zu spüren. Der neue China-Chef Ralf Brandstätter macht einen Top Job und erkennt die hohe Bedeutung der Dynamik, die ein Unternehmen in China braucht. Also: VW läuft in die richtige Richtung. Aber viele Beobachter befürchten, dass die deutschen Hersteller mit dem Übergang vom Verbrenner zu alternativen Antrieben ihre weltweit führende Rolle als Technologie- und Innovations-Treiber verlieren? Der Wettbewerb um die Technologie kommt aus China und sicher nicht von Ford. Von daher brauchen wir Zusammenarbeit und Kooperation mit China. Und da sind an erster Stelle unsere Grünen-Politiker in Berlin gefragt, die rein-rassiges China-Bashing betreiben. Das ist nicht gut für den Industriestandort Deutschland."
fae23ce2-2a8e-4d3e-832f-596b2ca3f071,2022-11-25 07:51:28+00:00,"Die Aufarbeitung eines der größten Polit-Skandale in Afrika zeigte vor einigen Tagen erneut, wie tief die deutsche Wirtschaft in Bestechungsfälle verstrickt gewesen ist. So teilten südafrikanische Ermittler mit, dass sie von dem Softwarehersteller SAP die Rückzahlung von 55 Millionen Euro verlangen. Das Geld hatte SAP von dem südafrikanischen Energieversorger Eskom für Softwarelizenzen und Dienstleistungen erhalten. Eskom hatte SAP 2016 den Auftrag erteilt. Im gleichen Zeitraum zahlte SAP umgerechnet etwa vier Millionen Euro an eine unscheinbare südafrikanische Firma namens CAD, die dem deutschen Softwarehersteller als Vertriebspartner dabei helfen sollte, den Auftrag von Eskom zu gewinnen. Die südafrikanische Ermittlungsbehörde SIU betrachtet diese Zahlung als Schmiergeldzahlung. Südafrikanische Ermittler werfen SAP Bestechung vor „Ganz einfach ausgedrückt, zahlte SAP Bestechungsgeld an die Guptas, via CAD, um einen lukrativen Vertrag von Eskom zu erhalten“, heißt es in einem Dokument der südafrikanischen Justiz von Anfang des Monats, das CORRECTIV einsehen konnte. Gupta – das ist ein Name, der für einen der größten Polit-Skandale Afrikas steht. Die Gupta-Brüder, drei aus Indien stammende Geschäftsleute, standen jahrelang im Mittelpunkt eines kriminellen Netzwerks, das vor allem während der Präsidentschaft des ANC-Politikers Jacob Zuma südafrikanische Staatsunternehmen aussaugte. Wer Aufträge von Staatskonzernen wie dem Versorger Eskom oder der Eisenbahn Transnet außerhalb offizieller Wege erhalten wollte, zahlte zur Tarnung Gelder an ein Firmengeflecht unter Kontrolle der Guptas. Diese nutzten die Gelder dann, um ANC-Politiker und hochrangige Manager der südafrikanischen Staatswirtschaft in ihrem Sinne zu beeinflussen. In vielen Fällen mussten die Firmen, die Aufträge erhielten, die Leistungen nicht einmal vollständig erbringen. Im März 2022 hat sich SAP bereits mit Ermittlungsbehörden darauf verständigt, etwa 23 Millionen Euro im Zusammenhang mit Aufträgen staatlicher Wasserbehörden zurückzuzahlen. SAP in Südafrika: Seltsame Zahlungswege Spätestens im Jahr 2015 war der fragwürdige Einfluss der Guptas auf die damalige Regierung Thema in der südafrikanischen Öffentlichkeit. Trotzdem schloss SAP noch im August 2015 eine Vertriebsvereinbarung mit CAD, einem unscheinbaren Hersteller von 3D-Druckern. CAD sollte dabei helfen, einen bestehenden SAP-Vertrag mit dem Energieversorger Eskom vorzeitig zu verlängern. SAP wählte eine Firma, die zur Hälfte einem Geschäftsmann gehörte, den die Guptas in das Unternehmen geschickt hatten. Unterlagen, in die CORRECTIV Einblick hatte, legen den Schluss nahe, dass SAP wusste, mit wem es der Konzern zu tun hatte – und die Geschäfte trotzdem weiter betrieb. Denn damit die Nähe zu den Guptas nicht ganz so unauffällig war, wurde der SAP-Partner CAD im April 2016 verkauft. Eine Compliance-Mitarbeiterin von SAP Südafrika wandte sich im September 2016 an die globale Compliance-Beauftragte von SAP. Dabei wies sie auf den Gupta-Skandal hin und auch auf die Möglichkeit, dass die Guptas weiterhin aus dem Hintergrund bei CAD ihre Finger im Spiel hatten – schließlich war der neue Manager der Bruder einer Schlüsselfigur in anderen Gupta-Firmen. Dennoch genehmigte das SAP-Hauptquartier die Vereinbarung mit CAD. „Exzellente Arbeit, es sieht so aus, dass alle Schritte unternommen sind, um die bestmögliche Validierung durchzuführen. Ich genehmige die Fortsetzung der Partnerschaften“, antwortete die globale Compliance-Chefin von SAP am 11. September 2016 in einer E-Mail. Über diese internen SAP-Warnungen berichtete bereits das südafrikanische Investigativ-Zentrum amaBhungane. Am 1. Dezember 2016 stellte SAP eine Rechnung über 28 Millionen Euro an Eskom für Softwarelizenzen. Am 28. Dezember flossen dann die Gelder an CAD. „SAP kooperiert weiterhin uneingeschränkt mit der SIU und anderen Behörden bei der laufenden Überprüfung von Eskom-Verträgen, die bis ins Jahr 2016 zurückreichen“, teilte der Softwarekonzern auf Anfrage von CORRECTIV mit. Eskom nutze weiterhin SAP-Produkte. „Wir sind sehr stolz darauf, Eskom dabei zu unterstützen, seinen Auftrag für die Menschen in Südafrika zu erfüllen.“ Vorwürfe auch gegen die Telekom wegen Bestechung in Südafrika Das frühere Wegschauen von SAP ähnelt dabei dem Vorgehen der Deutschen Telekom in Südafrika. 2015 führte der Konzern eine interne Untersuchung der Geschäftspraxis der Telekom-Tochter T-Systems in Südafrika durch, wie CORRECTIV und Welt am Sonntag jüngst aufdeckten. Laut dem Untersuchungsbericht vom 24. Juni 2015 war sich der Konzern darüber im Klaren, dass diese gegen die eigenen Compliance-Regeln verstieß. Doch auch nach dem Bericht flossen weiter Telekom-Gelder an das Umfeld eines Gupta-Vertreters. Die Staatsanwaltschaft Frankfurt hat wegen der Zahlungen vor einigen Monaten Ermittlungen eingeleitet. In Südafrika hat eine Untersuchungskommission, die sogenannte Zondo-Kommission, seit 2018 den Gupta-Skandal aufgearbeitet. In diesem Jahr legte sie ihren Abschlussbericht vor. Laut Unterlagen der Kommission erhielt T-Systems von 2010 bis 2019 für Aufträge über 700 Millionen Euro von dem Energieversorger Eskom sowie der Eisenbahngesellschaft Transnet. Das soll ein Fünftel aller Ausgaben südafrikanischer Staatsunternehmen sein, die unter dem Einfluss der Guptas standen. T-Systems wäre damit einer der größten Profiteure des Skandals. Nur chinesische Unternehmen langten demnach noch kräftiger zu. Neben Telekom und SAP sollen weitere deutsche Firmen in den Skandal involviert sein. So geht die Staatsanwaltschaft Mannheim dem Verdacht nach, dass Beschäftigte der deutschen Tochter des Schweizer Anlagenbauers ABB Schmiergeldzahlungen an einen früheren Eskom-Chef einsetzten, um Aufträge im Zusammenhang mit dem Bau eines Kohlekraftwerks in Südafrika zu erhalten. Aus Unterlagen, in die CORRECTIV Einsicht hatte, geht zudem hervor, dass auch der deutsche Konzern Software AG im Jahr 2015 zwei kleinere Zahlungen von zusammen etwa 400.000 Euro an eine Gupta-nahe Firma namens Global Softech Solutions leistete. Der Konzern teilte dazu mit, dass eine interne Untersuchung nach Bekanntwerden der Vorwürfe keine Hinweise auf Bestechung ergeben habe."
afe2bb96-7fc5-46aa-9f2e-a0c9ec41e756,2022-12-01 19:12:41+00:00,"Bret Taylor hatte in der Übernahmesaga des Jahres eine prominente Rolle. Er war Vorsitzender des Verwaltungsrats der Onlineplattform Twitter und in dieser Funktion einer der Hauptakteure im Drama um deren Verkauf an Elon Musk – von den Verhandlungen und dem Abschluss des Vertrags im Frühjahr über den Rechtsstreit wegen Musks zwischenzeitlichen Versuchs, aus der Vereinbarung herauszukommen, bis zum Vollzug der Transaktion im Oktober. Noch am gleichen Tag, an dem die Übernahme wirksam wurde, löste Musk den Verwaltungsrat auf. Für Taylor war die Aufgabe bei Twitter eigentlich nur ein Nebenjob. Denn im Hauptberuf ist er Ko-Vorstandsvorsitzender des Softwareherstellers Salesforce, eines wichtigen Wettbewerbers des deutschen SAP-Konzerns."
cbc53625-c3c9-42a8-9acd-7ffad5458330,2024-11-12 14:27:24+00:00,"Ihr entdeckt online oder in der Zeitung ein Jobangebot, das perfekt zu euch passt, aber in der Stellenanzeige steht etwas von „erforderlichen SAP-Kenntnissen“ und ihr seid unsicher, was damit gemeint ist? Hier erfahrt ihr, was genau „SAP-Kenntnisse“ sind und was hinter „SAP“ steckt. SAP wird insbesondere bei Bürojobs, im IT-Bereich und in der Buchhaltung vorausgesetzt. Eine Stellenausschreibung kann zum Beispiel so aussehen: Falls die restlichen Anforderungen auf euch zutreffen, klären wir hier, ob ihr auch „SAP“-tauglich seid beziehungsweise wo man SAP-Erfahrung sammeln kann. Was ist SAP? Kurz erklärt Die Abkürzung SAP steht für „Systeme, Anwendungen und Produkte“ und bezeichnet eine Software, die in der Datenverarbeitung genutzt wird, um den reibungslosen Informationsfluss in einem Unternehmen zu gewährleisten. SAP wurde entwickelt, um Nutzern eine gemeinsame, unternehmensweite Datenbank für verschiedene Anwendungen zu bieten, zum Beispiel für: Finanzen Personalmanagement Kundenmanagement Lieferkettenmanagement Controlling Früher mussten Unternehmen ihre Daten entweder manuell eingeben (ineffizient) oder ein eigenes IT-System entwerfen (kostspielig). Außerdem waren die verschiedenen Datenbank-Systeme der einzelnen Teilbereiche oftmals nicht miteinander kompatibel. SAP beseitigt diese Probleme, indem es eine standardisierte Software für die unterschiedlichsten Funktionen anbietet. SAP ist in verschiedenen Modulen erhältlich, je nachdem, welche individuellen Anforderungen das Unternehmen hat. Die Software wird hauptsächlich von Großunternehmen genutzt. Zudem bietet SAP spezielle Software-Produkte für die Industrie, Banken, den Einzelhandel oder Medienunternehmen an. Was heißt „SAP Kenntnisse“ bei Stellenausschreibungen? Das Unternehmen dahinter ist der größte Software-Hersteller in Europa. Die SAP genannte Software dient zur Abwicklung von Geschäftsprozessen in einem Unternehmen, mit denen sich unter anderem folgenden Bereiche verwalten lassen: Buchführung Controlling Verwaltung Warenwirtschaft Einkauf Produktion Lagerhaltung Personalwesen Die Software setzt sich dabei je nach Anforderung aus verschiedenen Modulen zusammen und findet unter anderem in der Industrie, bei Banken, im Einzelhandel und weiteren überwiegend klein- und mittelständischen Unternehmen seinen Einsatz. Findet ihr die „SAP Kenntnisse“ als Anforderung für eine Bewerbung, solltet ihr euch daher mit der Anwendung auskennen. Wer in seinem Lebenslauf SAP-Kenntnisse angibt, tatsächlich das Programm allerdings noch nie gesehen hat, sollte sich den Weg zum Bewerbungsgespräch in der Regel sparen. Habt ihr lediglich die Definition von SAP auswendig gelernt, verfügt jedoch über keinerlei Kenntnisse in der Arbeit mit der Software, werdet ihr es in der Regel schwer haben, einen explizit darauf ausgerichteten Job zu finden. Definition von „SAP Kenntnisse“ SAP ist mittlerweile die Standardanwendung bei deutschen Unternehmen. Aufgrund der hohen Verbreitung der Anwendung sind SAP-Kenntnisse derzeit sehr gefragt. Wer sich demnach weiterbilden möchte, sollte einer Fortbildung in dieser Richtung nicht entgegenstehen, immerhin wird häufig mit SAP auf dem Lebenslauf und im Kopf ein durchaus nettes Einstiegsgehalt gezahlt. Einer der Mitbegründer von SAP ist übrigens Dietmar Hopp, der vor allem aufgrund seines Engagements als Mäzen für den Fußball-Bundesligisten 1899 Hoffenheim im Einsatz ist."
