a12e3db5-0d23-4ee9-901a-879ca9415ba1,2023-01-02 08:06:28+00:00,"Klein-Winternheim, 2. Januar 2023 MEDIENINFORMATION 1.900 Glasfaser-Anschlüsse für Klein-Winternheim Gigabit Geschwindigkeit möglich Kostenfreien Hausanschluss sichern: www.telekom.de/glasfaser _______________________________________________________________ Die Telekom baut in Klein-Winternheim ein Glasfasernetz für rund 1.900 Haushalte und Unternehmen. Die Arbeiten beginnen in 2024. Das neue Netz ermöglicht hohe Bandbreiten bis 1 Gbit/s (Gigabit pro Sekunde). Unternehmen aus Klein-Winternheim können außerdem Geschäftskundentarife bis 100 Gbit/s buchen. Damit haben Kund*innen einen superschnellen Anschluss für digitales Lernen und Arbeiten, Streaming und Gaming, alles gleichzeitig. Ortsbürgermeisterin Ute Granold hebt die Bedeutung von schnellen Internetverbindungen hervor: „Glasfaser ist die Schlüsseltechnologie für unsere digitale Gesellschaft. Das neue Netz erhöht die Attraktivität unserer Kommune. Es sichert die Zukunftsfähigkeit als Wohn- und Wirtschaftsstandort. Der Glasfaseranschluss steigert außerdem den Wert einer Immobilie.” „Hohe Geschwindigkeiten am eigenen Anschluss sind wichtig. Schließlich soll im WLAN zuhause und im Betrieb alles stabil laufen. Wer sich im Vorvermarktungszeitraum, der Mitte 2023 beginnt, für einen Glasfaser-Anschluss entscheidet, bekommt ihn kostenfrei. Hauseigentümer*innen sparen damit 799,95 Euro“, sagt Simone Remdisch, Regionalmanagerin der Telekom. Über den Zeitpunkt, zu dem die Anwohner*innen sowohl den kostenfreien Glasfaserhausanschluss als auch gegebenenfalls bereits ein Wunschprodukt beauftragen können, wird die Telekom rechtzeitig informieren. Was jetzt wichtig ist Der Glasfaseranschluss kommt nicht von allein ins Haus. Wer als Immobilienbesitzer*in einen Glasfaseranschluss haben will, muss der Telekom das Einverständnis geben, den neuen Anschluss zu legen. Auch wer zur Miete wohnt, kann den Glasfaseranschluss bei der Telekom beantragen: Sie kontaktiert die Vermieter*innen. Dann wird besprochen, wo die Glasfaser ins Haus kommt und wie sie im Haus verläuft. Mehr Informationen zur Verfügbarkeit und den Tarifen der Telekom: Telekom Shop Mainz, Am Brand 36, 55116 Mainz Telekom Shop Ingelheim, Binger Str. 50, 55218 Ingelheim www.telekom.de/glasfaser Hotline 0800 22 66 100 (kostenfrei) Für Unternehmen aus Klein-Winternheim Hotline 0800 330 6709 (kostenfrei) E-Mail: vollglas@telekom.de www.telekom.de/jetzt-vollglas Deutsche Telekom AG Corporate Communications George-Stephen McKinney, Pressesprecher Tel.: 0228 181 – 49494 E-Mail: medien@telekom.de Weitere Informationen für Medienvertreter*innen:"
b2b55aa1-6df0-42e7-b0c3-c9a6c5bfc2ba,2023-01-02 11:30:00+00:00,"2023 als grandioses Börsenjahr? Muss man für diese Sichtweise nicht reichlich benebelt durch die Börsenlandschaft laufen? Bei den Risiken kann man zwischen Notenbankpolitik, US-Häusermarkt, Kreditsorgen der Konsumenten, Gewinnrevisionen von Unternehmen und Arbeitsmarkt sowie politischem Umfeld munter auswählen. Doch es gibt einen Unterschied zum Jahresende 2021: Die Risiken sind sichtbar und zumindest teilweise in den Kursen eingearbeitet. Aktienmärkte sind immer riskant. Gefährlich sind sie dann, wenn keinerlei Risikoprämie verlangt wird. Dies ist zum Start 2023 nicht der Fall. Auch der Dax wurde Mitte 2022 schon abgeschrieben und einige Investoren sahen beim Zwischentief von 11.800 Punkten schon die 10.000er-Marke fallen. „Dass der Abgesang auf die Dax-Konzerne zu früh kam, zeigten die Firmen eindrucksvoll mit ihren Bilanzen für das dritte Quartal. Die Erlöse kletterten um 23 Prozent auf einen Rekord und legten so kräftig zu wie seit gut zehn Jahren nicht mehr. Auch unter dem Strich sieht es erfreulich aus. Die Margen wurden verteidigt, der operative Gewinn von 45 Mrd. Euro erreichte ebenfalls eine Bestmarke“, sagt Jürgen Molnar vom Broker Robomarkets. „Hohe Wachstumsraten erzielten die Unternehmen vor allem in den USA, besonders der schwache Euro sorgte für Rückenwind“, so Ricardo Evangelista, Senior Analyst bei Activtrades. Einmal mehr zählten die Autokonzerne zu den gewinnstärksten Unternehmen. Hier zeigt sich: Der Internationalisierungsgrad und die damit verbundene breite Aufstellung stellt unverändert eine zentrale Erfolgssäule heimischer Firmen dar. So waren die Autobauer nicht allein auf China angewiesen, wo es durch die Corona-Maßnahmen immer wieder zu Einschränkungen kam. Positiver Ausblick auf 2023 Und selbst der Ausblick auf das kommende Jahr ist durchaus optimistischer als in der Börsenpresse häufig kommuniziert. „Infineon, Siemens und Deutsche Telekom zählen zu den Firmen, die 2023 eine aussichtsreiche Ertragslage erwarten“, sagt Molnar. Vor allem der Chipkonzern gilt aufgrund seiner konjunktursensiblen Ausrichtung als guter Gradmesser. In den nächsten Jahren will er nicht nur den Umsatz steigern, sondern auch deutlich profitabler werden. Der Aktienkurs von Infineon jedoch hat eine Schwächephase vorweggenommen. So sehen eingearbeitete Risiken aus. Vor diesem Hintergrund muss auch die kräftige Rally beim Dax seit dem Jahrestief von rund 20 Prozent gesehen werden. Natürlich ist der Markt bei 14.000 Zählern nicht mehr so attraktiv gepreist wie noch im September 2022. „Damals bezahlte man für den Index noch ein Kurs-Gewinn-Verhältnis von 9,4 – historisch ausgesprochen niedrig“, sagt Stefan Riße von Acatis. Inzwischen ist der Faktor auf 11,5 gestiegen. Gegenüber dem langjährigen Durchschnitt gibt es den Markt aber immer noch rund sechs Prozent günstiger. Dauer-Pessimisten bringen gerne den Einwand, dass die Gewinnschätzungen noch fallen und der Markt tatsächlich wesentlich teurer ist. Das ebenfalls populäre Kurs-Buchwert-Verhältnis eignet sich daher besser als Bewertungsmaßstab, da Buchwerte anders als Gewinne in wirtschaftlich schwierigen Zeiten nicht so kräftig schwanken. „Aktuell handelt der Dax mit einem KBV von rund 1,5 nahezu exakt zum langfristigen Durchschnitt“, sagt Activtrades-Experte Evangelista. Ein Schnäppchen ist der Markt somit nicht mehr, von teuer kann zugleich aber auch keine Rede sein. Gute Voraussetzungen für ein besseres Aktienjahr 2023 und vor allem für die Folgejahre. Denn bei einem Umfeld, in dem die „Luft rein ist“ wird kein Investor einen günstigen Aktienmarkt vorfinden. Die alte Börsenregel gilt gerade auch 2023: Börsengewinne sind Schmerzensgeld. Erst kommen die Schmerzen, dann das Geld."
7e407b12-e2cc-4de1-87c0-653a842aee0e,2023-01-03 15:44:31+00:00,"Die Telekom baut in der Kernstadt von Mühlheim am Main und den Stadtteilen Dietesheim und Lämmerspiel ein Glasfasernetz für rund 16.470 Haushalte und Unternehmen. Die Arbeiten beginnen im Jahr 2023. Das neue Netz bietet Privatkund*innen hohe Bandbreiten bis 1 Gbit/s (Gigabit pro Sekunde). Außerdem können Unternehmen aus Mühlheim am Main künftig Geschäftskundentarife bis 100 Gbit/s buchen. Damit haben Kund*innen einen superschnellen Anschluss für digitales Lernen und Arbeiten, Streaming und Gaming, alles gleichzeitig. „Ich freue mich über den geplanten Glasfaserausbau der Deutschen Telekom in Mühlheim am Main als einen weiteren Meilenstein einer erfolgreichen Zusammenarbeit. Damit stellen wir die Weichen in Richtung Zukunftsfähigkeit und Digitalisierung unserer Stadt, als attraktiver Wohn- und Gewerbestandort vor den Toren Frankfurts“, sagt Daniel Tybussek, Bürgermeister von Mühlheim am Main. „Hohe Geschwindigkeiten am eigenen Anschluss sind wichtig. Schließlich soll im WLAN zuhause und im Betrieb alles stabil laufen. Wer sich frühzeitig für einen Glasfaser-Anschluss entscheidet, bekommt ihn kostenfrei. Hauseigentümer*innen sparen damit 799,95 Euro“, sagt Thomas Damian, Local Head Frankfurt, Telekom Deutschland GmbH. Was jetzt wichtig ist Der Glasfaseranschluss kommt nicht von allein ins Haus. Wer als Immobilienbesitzer*in einen Glasfaseranschluss haben will, muss der Telekom das Einverständnis geben, den neuen Anschluss zu legen. Auch wer zur Miete wohnt, kann den Glasfaseranschluss bei der Telekom beantragen: Sie kontaktiert die Vermieter*innen. Dann wird besprochen, wo die Glasfaser ins Haus kommt und wie sie im Haus verläuft. Auch Mieter können Glasfaser bekommen Jeder Mieter kann einen Glasfaseranschluss bestellen. Solange dem Vermieter keine Kosten entstehen, kann dieser seine Zustimmung nicht verweigern. Die Telekom wird die Baumaßnahme mit dem Eigentümer abstimmen. Gleiches gilt für Eigentümer in Mehrparteienhäusern: Auch sie können einen Glasfaseranschluss beantragen. Es ist sinnvoll, im Zuge des Glasfaser-Ausbaus alle Wohnungen mit einem Anschluss auszustatten. Denn ein Glasfaseranschluss bedeutet für den Eigentümer eine erhebliche Wertsteigerung. Außerdem ist eine Immobilie mit Glasfaseranschluss für die Zukunft bestens gerüstet. Auch lässt sie sich einfacher vermieten oder verkaufen. Darüber hinaus bietet der Glasfaser-Anschluss alle Möglichkeiten für digitale Anwendungen: Zum Beispiel Homeoffice-Anbindung, Smart Home, IP-TV, Streaming Dienste, Online-Gaming oder auch Telemedizin. Mehr Informationen zur Verfügbarkeit und den Tarifen der Telekom: Telekom Shop Telekom Partner Shop telekom.de/glasfaser Hotline 0800 22 66 100 (kostenfrei) Für Unternehmen aus Mühlheim am Main Hotline 0800 330 6709 (kostenfrei) E-Mail: vollglas@telekom.de Quelle: PM Deutsche Telekom AG"
1bc309f0-016a-4249-ad17-fbc116c30679,2023-01-04 23:00:00+00:00,"Ausländische Geheimdienste und andere mögliche Saboteure suchen nach Erkenntnissen des Bundesamts für Verfassungsschutz (BfV) das Internet systematisch nach Information über die deutschen Digital-, Strom- und Gasnetze ab. Um nicht noch Hinweise auf mögliche Anschlagsziele zu liefern, sollten Unternehmen, Behörden und Industrieverbände deshalb nicht mehr so viele Daten, Karten und Baupläne online stellen, heißt es in einem „Sicherheitshinweis für die Wirtschaft“ des BfV, über den die „Süddeutsche Zeitung“ in ihrer Donnerstagausgabe berichtet. Geheimdienste und Terrorgruppen wollen auf Details zu Energienetzen zugreifen „Veröffentlichungen, die frei im Internet abrufbar sind, bieten häufig sehr detaillierte Informationen. Das gilt zum Beispiel für Präsentationen, die sich ursprünglich an Behörden und Marktteilnehmer richten, aber auch für Kartenmaterial, das Standorte von Anlagen oder Trassenverläufe abbildet“, schreiben die Verfassungsschützer. So ließen sich „Schwachstellen und damit Ansatzpunkte identifizieren, um physische und cybergestützte Sabotagehandlungen durchzuführen“. Schlimmer noch: Weil Firmen auch detaillierte Handlungsanweisungen für Krisenfälle ins Internet stellten, erhielten Geheimdienste und Terrorgruppen die Möglichkeit, nach einem Anschlag auch die „Notfallabläufe zu unterbrechen oder zumindest zu stören“. Bundesnetzagentur: Geheimhaltungsbedarf wird regelmäßig geprüft Kritik gibt es in diesem Zusammenhang auch an den gesetzlichen Transparenzpflichten für Unternehmen, die angesichts des Ukraine-Kriegs und anderer neuer Bedrohungen komplett überdacht werden müssten. So will etwa die Deutsche Telekom einen Teil der verlangten Daten für den sogenannten Infrastrukturatlas, eine Art digitale Landkarte Deutschlands, nicht mehr liefern. Die zuständige Bundesnetzagentur wies die Kritik allerdings zurück und erklärte, das „Spannungsfeld“ zwischen dem Informationsbedarf der Marktakteure und der Öffentlichkeit sowie dem notwendigen Geheimhaltungsbedarf werde regelmäßig geprüft und neu bewertet. Hintergrund der Debatte ist nicht zuletzt der Anschlag auf zwei Glasfaserkabelschächte der Deutschen Bahn im Oktober vergangenen Jahres, mit denen bislang unbekannte Täter den Zugverkehr in ganz Norddeutschland für Stunden weitgehend lahmgelegt hatten. Der Fall sorgte in Sicherheitskreisen vor allem deshalb für Aufregung, weil nicht nur ein Kabel in Berlin, sondern auch die Ersatzleitung im 500 Kilometer entfernten Herne durchtrennt worden war. Der oder die Täter mussten also über großes Insiderwissen verfügen."
32ce50d7-072c-47f8-b966-0c42dc47b232,2023-01-05 01:24:47+00:00,"Veröffentlichungen, die frei im Internet abrufbar seien, böten häufig sehr detaillierte Informationen, heißt es dem Bericht zufolge in dem „Sicherheitshinweis für die Wirtschaft“. Dies gelte zum Beispiel für Präsentationen, die sich ursprünglich an Behörden und Marktteilnehmer richteten, aber auch für Kartenmaterial, das Standorte von Anlagen oder Trassenverläufe abbilde. „Ansatzpunkte für Sabotagehandlungen“ Auf diese Weise ließen sich „Schwachstellen und damit Ansatzpunkte identifizieren, um physische und cybergestützte Sabotagehandlungen durchzuführen“, warnen die Verfassungsschützer demnach. Schlimmer noch sei, dass Firmen auch detaillierte Handlungsanweisungen für Krisenfälle ins Internet stellten, wodurch Geheimdienste und Terrorgruppen die Möglichkeit erhielten, nach einem Anschlag auch die „Notfallabläufe zu unterbrechen oder zumindest zu stören“. Kritik gibt es in diesem Zusammenhang auch an den gesetzlichen Transparenzpflichten für Unternehmen, die angesichts des Ukraine-Kriegs und anderer neuer Bedrohungen komplett überdacht werden müssten. So will etwa die Deutsche Telekom einen Teil der verlangten Daten für den sogenannten Infrastrukturatlas, eine Art digitale Landkarte Deutschlands, nicht mehr liefern. Die zuständige Bundesnetzagentur wies die Kritik allerdings zurück und erklärte, das „Spannungsfeld“ zwischen dem Informationsbedarf der Marktakteure und der Öffentlichkeit sowie dem notwendigen Geheimhaltungsbedarf werde regelmäßig geprüft und neu bewertet. Hintergrund der Debatte ist nicht zuletzt der Anschlag auf zwei Glasfaserkabelschächte der Deutschen Bahn im Oktober vergangenen Jahres, mit denen bislang unbekannte Täter den Zugverkehr in ganz Norddeutschland für Stunden weitgehend lahmgelegt hatten. Der Fall sorgte in Sicherheitskreisen vor allem deshalb für Aufregung, weil nicht nur ein Kabel in Berlin, sondern auch die Ersatzleitung im 500 Kilometer entfernten Herne durchtrennt worden war. Der oder die Täter mussten also über großes Insiderwissen verfügen."
bba7ebc2-ccf8-404b-8972-92b311ab821f,2023-01-09 13:48:26+00:00,"Bad Wörishofen, 9. Januar 2023 MEDIENINFORMATION 8.500 Glasfaser-Anschlüsse für Bad Wörishofen Gartenstadt und Unteres Hart Gigabit Geschwindigkeit möglich Kostenfreien Hausanschluss sichern: www.telekom.de/glasfaser _______________________________________________________________ Die Telekom baut in Bad Wörishofen und den Stadtteilen Gartenstadt und Unteres Hart ein Glasfasernetz für rund 8.500 Haushalte und Unternehmen. Die Arbeiten beginnen 2024. Der Ausbau erfolgt eigenwirtschaftlich und ohne das Erreichen einer Vorvermarktungsquote als Voraussetzung für die Umsetzung. Das neue Netz ermöglicht Privatkund*innen hohe Bandbreiten bis 1 Gbit/s (Gigabit pro Sekunde). Außerdem können Unternehmen aus Bad Wörishofen künftig Geschäftskundentarife bis 100 Gbit/s buchen. Damit haben Kund*innen einen superschnellen Anschluss für digitales Lernen und Arbeiten, Streaming und Gaming, alles gleichzeitig. Erster Bürgermeister Stefan Welzel hebt die Bedeutung von schnellen Internetverbindungen hervor: „Glasfaser ist die Schlüsseltechnologie für unsere digitale Gesellschaft. Das neue Netz erhöht die Attraktivität von Bad Wörishofen. Denn Glasfaserleitungen bilden die Grundlage für weitere Firmenansiedlungen, Unternehmensweiterentwicklungen und die immer mehr nachgefragten Homeoffice-Möglichkeiten. Dies sichert somit die Zukunftsfähigkeit als attraktiven Wohn- und Wirtschaftsstandort im Allgäu und im Münchner Einzugsbereich. Der Glasfaseranschluss steigert außerdem den Wert einer Immobilie.” „Hohe Geschwindigkeiten am eigenen Anschluss sind wichtig. Schließlich soll im WLAN zuhause und im Betrieb alles stabil laufen. Wer sich bis zum Baubeginn für einen Glasfaser-Anschluss entscheidet, bekommt ihn kostenfrei. Hauseigentümer*innen sparen damit 799,95 Euro“, sagt Daniel Frank, Regionalmanager der Telekom. Was jetzt wichtig ist Der Glasfaseranschluss kommt nicht von allein ins Haus. Wer als Immobilienbesitzer*in einen Glasfaseranschluss haben will, muss der Telekom das Einverständnis geben, den neuen Anschluss zu legen. Auch wer zur Miete wohnt, kann den Glasfaseranschluss bei der Telekom beantragen: Sie kontaktiert die Vermieter*innen. Dann wird besprochen, wo die Glasfaser ins Haus kommt und wie sie im Haus verläuft. Auch Mieter können Glasfaser bekommen Jeder Mieter kann einen Glasfaseranschluss bestellen. Solange dem Vermieter keine Kosten entstehen, kann dieser seine Zustimmung nicht verweigern. Die Telekom wird die Baumaßnahme mit dem Eigentümer abstimmen. Gleiches gilt für Eigentümer in Mehrparteienhäusern: Auch sie können einen Glasfaseranschluss beantragen. Es ist sinnvoll, im Zuge des Glasfaser-Ausbaus alle Wohnungen mit einem Anschluss auszustatten. Denn ein Glasfaseranschluss bedeutet für den Eigentümer eine erhebliche Wertsteigerung. Außerdem ist eine Immobilie mit Glasfaseranschluss für die Zukunft bestens gerüstet. Auch lässt sie sich einfacher vermieten oder verkaufen. Darüber hinaus bietet der Glasfaser-Anschluss alle Möglichkeiten für digitale Anwendungen: Zum Beispiel Homeoffice-Anbindung, Smart Home, IP-TV, Streaming Dienste, Online Gaming oder auch Telemedizin. Mehr Informationen zur Verfügbarkeit und den Tarifen der Telekom: Telekom Shop Kaufbeuren, Salzmarkt 5, 87600 Kaufbeuren Telekom Partner Expert TechnoMarkt Mindelheim, Heimenegger Weg 8, 87719 Mindelheim Telekom Partner Der Telefon-Shop Kommunikation, Maximilianstr. 67, 87719 Mindelheim Telekom Partner Expert TechnoMarkt Kaufbeuren, Sudetenstr. 6, 87600 Kaufbeuren www.telekom.de/glasfaser Hotline 0800 22 66 100 (kostenfrei) Für Unternehmen aus Bad Wörishofen Hotline 0800 330 6709 (kostenfrei) E-Mail: vollglas@telekom.de www.telekom.de/jetzt-vollglas Deutsche Telekom AG Corporate Communications Dr. Markus Jodl, Pressesprecher Tel.: 0228 181 – 49494 E-Mail: medien@telekom.de Weitere Informationen für Medienvertreter*innen:"
85d9f079-9986-474c-91f3-e5a18d0519da,2023-01-12 15:00:00+00:00,"Europas größte Telekom-Konzerne wollen sich zusammenschließen, um gegen die übermächtige Internet-Konkurrenz großer Tech-Firmen aus den USA vorzugehen. Die Deutsche Telekom, Vodafone, Telefónica und Orange planen dazu ein Joint Venture für eine digitale Werbe-Plattform. Die T-Aktie hält sich am Donnerstag-Mittag weiterhin über der 20-Euro-Marke. Die Telekommunikations-Konzerne Orange, Telefónica, Deutsche Telekom und Vodafone haben bei der Kartellbehörde der Europäischen Union eine ""gemeinsam kontrollierte, voll funktionsfähige"" digitale Werbeplattform vorgestellt. Das Joint Venture soll es den Unternehmen ermöglichen, mit großen Technologie-Unternehmen wie Apple, Google, Amazon und den digitalen Werbegeschäften von Meta zu konkurrieren. Die Initiative wird von den Organisationen als mögliche Alternative zu Cookies von Drittanbietern angesehen, die Google im Jahr 2024 auslaufen lassen will. Webseiten-Betreibern soll die Generierung von Personen-Profilen für personalisierte Werbung ermöglicht werden, und dabei den persönlichen Datenschutz zu wahren bzw. anonym zu halten. Zuverlässiger und sicherer als Google und Facebook Laut der Mitteilung der EU zu dem Vorschlag zielt die Plattform darauf ab, ""eine Datenschutz-orientierte digitale Identifikationslösung zur Unterstützung der digitalen Marketing- und Werbeaktivitäten von Marken und Verlagen"" anzubieten. Ziel ist es, einen Vermittler zwischen mobilen Nutzern und digitalen Diensten zu schaffen, der zuverlässiger und sicherer ist als die derzeitigen Plattformen von Giganten wie Google und Meta/Facebook. Man wolle sich zudem irgendwie einen größeren Teil des 300 Milliarden Dollar schweren Werbegeschäfts sichern, das die US-Konzerne jedes Jahr verwalten, so Zahlen von E-Marketer. Erfolgreiche Tests in Deutschland und Spanien Die Technologie für die Plattform wurde von Vodafone entwickelt, das sich dann an die Deutsche Telekom wandte, um das Netz landesweit auszubauen, erklärte ein Sprecher von Vodafone. Im deutschen Mobilfunk wurde die Plattform 'TrustPid' bereits erfolgreich getestet. Der Versuch umfasste auch Publikationen von Axel Springer und RTL sowie anderen deutschen Werbetreibenden. In Spanien wird 'TrustPid' seit Mitte 2022 auch von Telefónica und Orange erfolgreich im Testmodus eingesetzt. Das Joint Venture öffnet den europäischen Telekom-Konzernen eine neue Gewinnquelle. Das digitale personalisierte und gleichzeitig anonymisierte Werbegeschäft wird in den kommenden Jahren noch wichtiger werden. Die T-Aktie setzt ihren jünsten Aufschwung nach den Joint-Venture-News am Donnerstag fort und markiert bei 20,32 Euro am Mittag ein neues 20-Jahres-Hoch. BÖRSE ONLINE rechnet mit einer mittelfristigen Fortsetzung des Kursaufschwungs. Das Kursziel liegt derzeit bei 24 Euro. Ein denkbarer kurzer zwischenzeitlicher Rückfall Richtung 19 Euro kann zu (Nach)-Käufen genutzt werden."
acf4546e-2feb-4ac8-b0d1-a685b980c47f,2023-01-17 08:04:14+00:00,"Düsseldorf, 17. Januar 2023 MEDIENINFORMATION Glasfaser für Düsseldorf – Ausbauplanungen konkretisiert Weitere 100.000 Haushalte und Unternehmensstandorte sollen an das neue Glasfaser-Netz angeschlossen werden Bis 2030 sind Gigabit-Geschwindigkeiten für bis zu 260.000 Haushalte möglich Digitale Informationsveranstaltung am 19. 01.2023 um 16.30 Uhr Informieren, registrieren oder vorbestellen auf: www.telekom.de/glasfaser-duesseldorf _______________________________________________________________ In Düsseldorf beschleunigt die Deutsche Telekom ihren Glasfaserausbau und baut ihr neues Netz großflächig aus. Bis Ende 2025 können mehr als 160.000 Haushalte und Unternehmensstandorte an das Glasfasernetz der Telekom angeschlossen werden. Und damit nicht genug - die Telekom plant bis Ende 2023 weitere 100.000 Düsseldorfer Haushalte und Unternehmensstandorte an das neue Glasfasernetz anzuschließen. Entsprechende Ausbauplanungen werden gerade geprüft. Dieser umfassende Glasfaserausbau schafft die optimale Infrastruktur, um die Düsseldorfer Haushalte und Unternehmen zeitnah in die digitale Zukunft zu führen. Interessierte Kund*innen können sich bereits jetzt für die neuen Glasfaser-Anschlüsse registrieren und die schnellen Anschlüsse dann als Erste nutzen. Das neue Netz ermöglicht Privatkund*innen hohe Bandbreiten bis 1 Gbit/s (Gigabit pro Sekunde). Es ist so leistungsstark, dass zuhause Arbeiten und zuhause Lernen, Video-Konferenzen, Gaming und Streamen gleichzeitig möglich sind. Außerdem können Unternehmen aus Düsseldorf künftig Geschäftskundentarife bis 100 Gbit/s buchen. Die Ausbauarbeiten haben bereits in mehreren Stadteilen begonnen und die Telekom hat die kommenden Schritte ihrer Ausbauplanung nochmals zeitlich konkretisiert und auf der eigens eingerichteten Internetseite www.telekom.de/glasfaser-duesseldorf veröffentlicht. Wo Glasfaser schon buchbar ist In diesen Stadtteilen können Anwohnende schon Glasfaserhausanschlüsse buchen: Bilk, Dreieck Nord, Düsseltal, Flingern Nord, Flingern Süd, Hellerhof und Oberbilk. In Eller und Lierenfeld startet die Telekom Mitte 2023 mit ihrem Netzausbau. Weitere Ausbaugebiete folgen. Damit der Ausbau nicht am Haus oder der Wohnung vorbeizieht, müssen die Anwohner*innen rechtzeitig tätig werden. „Beim Glasfaser-Ausbau wird das Glasfaser-Kabel zunächst bis ins Haus und bei zusätzlicher Buchung eines Telekom Glasfaser Produkt auch kostenfrei bis in die Wohnung / Büro gezogen“, erklärt Joachim Schad, Regionalmanager der Telekom. „Dafür brauchen wir die Genehmigung der Eigentümer*innen. Schließlich betreten wir Privatgrund. Den Anstoß können auch die Mieter*innen geben, indem sie sich bei uns melden.“ Die Telekom wird dann mit den Vermieter*innen Kontakt aufnehmen und klären, wie die Glasfaser ins Haus kommt und wie die Glasfaser im Haus verläuft. Was jetzt wichtig ist Schon jetzt können sich viele Immobilienbesitzer*innen in Düsseldorf mit Eingabe der Adresse auf www.telekom.de/glasfaser-duesseldorf ihren Hausanschluss vorbestellen. Auch telefonisch ist dies unter 0800 22 66 100 möglich. Auch Mieter*innen können Glasfaser bekommen Jeder Mieter kann einen Glasfaseranschluss bestellen. Solange dem Vermieter keine Kosten entstehen, kann dieser seine Zustimmung nicht verweigern. Die Telekom wird die Baumaßnahme mit dem Eigentümer abstimmen. Gleiches gilt für Eigentümer in Mehrparteienhäusern: Auch sie können einen Glasfaseranschluss beantragen. Mit einem Glasfaser-Anschluss ist die Immobilie für die Zukunft bestens gerüstet. Auch lässt sie sich einfacher vermieten oder verkaufen. Darüber hinaus bietet der Glasfaser-Anschluss alle Möglichkeiten für digitale Anwendungen: Zum Beispiel Homeoffice-Anbindung, Smart Home, IP-TV, Streaming Dienste, Online Gaming oder auch Telemedizin. Kund*innen, die in einem Gebiet wohnen, das aktuell noch nicht vom Glasfaser-Ausbau profitiert, können sich unter www.telekom.de/glasfaser-duesseldorf ebenfalls registrieren: Die Telekom meldet sich, sobald der Netzausbau startet. Digitale Informationsveranstaltung Die Telekom informiert alle interessierten Bürger*innen zum Glasfaserausbau und steht für alle Fragen rund um das Thema Glasfaser und Tarife zur Verfügung. Eine digitale Informationsveranstaltung findet statt am Donnerstag, den 19. Januar 2023 um 16:30 Uhr. Einwahl per Link: www.telekom.de/glasfaser-events. Die Veranstaltung wird aufgezeichnet und kann auf der Website auch nachträglich im Archiv noch abgerufen werden. Mehr Informationen zur Glasfaser Verfügbarkeit und den Tarifen der Telekom: Telekom Shops in Düsseldorf www.telekom.de/glasfaser www.telekom.de/glasfaser-duesseldorf Hotline 0800 22 66 100 (kostenfrei) Für Unternehmen aus Düsseldorf Hotline 0800 330 6709 (kostenfrei) E-Mail: vollglas@telekom.de www.telekom.de/jetzt-vollglas Deutsche Telekom AG Corporate Communications George-Stephen McKinney, Pressesprecher Tel.: 0228 181 – 49494 E-Mail: medien@telekom.de Weitere Informationen für Medienvertreter*innen:"
7d66e059-6cb7-46cc-9318-673586b4404d,2023-01-18 00:42:00+00:00,"Als erster deutscher Mobilfunk-Netzbetreiber hat sich Vodafone von der MMS verabschiedet. Der Foto- und Videodienst ""Multimedia Messaging Service"" sei am Dienstag nach 21 Jahren wegen geringer Nutzung abgestellt worden, teilte die Firma in Düsseldorf mit. Seit dem maximalen Aufkommen im Dezember 2012 – damals übermittelte Vodafone 13 Millionen MMS – brach die Nutzungszahl den Angaben zufolge um 96 Prozent ein. Anzeige Eine MMS kostete zuletzt noch 39 Cent, sofern sie nicht im Rahmen eines monatlichen Freikontingents enthalten war. Messenger-Diensten wie WhatsApp, Threema oder Signal liefen der MMS den Rang ab – bei ihnen ist der Versand von Fotos oder Videos kostenlos. Man benötigt lediglich einen Mobilfunkvertrag mit Internetverbindung. Telekom und Telefónica machen wohl zum Jahresende Schluss Bei den anderen beiden deutschen Handynetz-Betreibern ist das Verschicken von MMS noch möglich. Allerdings könnte es sein, dass diese beiden Firmen am Ende des Jahres den Stecker ziehen. Die Deutsche Telekom teilte mit, der Versand und Empfang sei nur noch bis zum 31. Dezember 2023 möglich. Es könnte aber noch eine Verlängerung dieser Frist geben. Bei Telefónica mit seiner Marke O2 hieß es, dass der MMS-Dienst in diesem Jahr weiter angeboten werde. Möglicherweise wird O2 zum Jahresende aber ebenfalls den Aus-Knopf drücken. Vodafone begründet die Abschaltung des MMS mit geringem Interesse, betont aber auch das Energieeinsparpotenzial. Die Abschaltung sei Teil der eigenen Netzmodernisierung, bei der in den nächsten drei Jahren fast 40.000 Netzelemente ersetzt oder abgeschaltet werden sollen. Das wird den Energiebedarf deutlich senken, erklärt Vodafone. Im April 2002 startete Vodafone die MMS-Funktion. Damals galt der Service als Innovation, heute wirkt er wie ein Relikt aus vergangenen Zeiten und war im Gegensatz zur SMS kein echtes Massenphänomen. Wehmut kam unter Vodafone-Kunden offenbar nicht auf. In den letzten Tagen vor der schon vor einiger Zeit angekündigten Abschaltung seien die Nutzungszahlen nicht in die Höhe gegangen, sagte eine Firmensprecherin. ""Eine nostalgische letzte MMS wollten wohl nur wenige Menschen verschicken – wenn überhaupt."" Anzeige"
b14435be-dc76-4a57-b47e-6e681923cd01,2023-01-18 13:42:12+00:00,"Für den Telekommunikationskonzern Deutsche Telekom beginnt das Jahr mit guten Neuigkeiten. Laut dem Branchenmagazin „Brand Finance“ ist das Unternehmen erstmals die wertvollste Marke Europas. Im weltweiten Vergleich landet die Telekom auf dem 11. Rang. Weiterlesen nach der Anzeige Laut dem Bericht konnte die Telekom ihren Markenwert im Vergleich zum Vorjahr um 5 Prozent auf insgesamt 62,9 Milliarden US-Dollar steigern. Im globalen Ranking landet damit nur der US-amerikanische Konzern Verizon (Markenwert: 67,4 Milliarden US-Dollar) als wertvollste Marke im Bereich der Telekommunikation vor dem deutschen Konkurrenten. Andere große Unternehmen der Branche – etwa AT&T und Orange – wurden deutlich schlechter bewertet. 2021 lag die Deutsche Telekom noch bei einem Markenwert von 60,2 Milliarden US-Dollar. Seit dem Jahr 2020 konnte das Unternehmen den Wert seiner Marke um insgesamt 58 Prozent steigern. „Dass wir es geschafft haben, in Europa die stärkste Marke zu werden, ist für den Konzern ein riesiger Erfolg und freut mich besonders“, sagt Telekom-Markenchef Ulrich Klenke laut einer Mitteilung des Unternehmens. „Die positive Entwicklung des Markenwerts zeigt, dass wir mit unserer globalen Dachmarkenstrategie erfolgreich sind.“ Weiterlesen nach der Anzeige Brand Finance ist ein britisches Beratungsunternehmen, das außerdem Markenbewertung sowie ‑analyse vornimmt. Jährlich erstellt das Unternehmen ein Ranking der 500 wertvollsten Marken der Welt. Dabei geht es besonders um die Frage, welche Lizenzgebühren ein Unternehmen bezahlen müsste, wenn es die Marke nicht in Besitz hätte."
b60ea97e-4084-43a3-94bb-e16f559cd7fa,2023-01-19 20:17:37+00:00,Webinar zur Rechnungslegungsthemen für Investoren + Analysten Deutsche Telekom
ebcb2bfd-613a-4e2f-b885-b6a78c76e2a0,2023-01-22 07:34:02+00:00,"Wegen Defiziten im Handynetzausbau erwägt eine Aufsichtsbehörde erstmals, Bußgeld gegen die großen Telekommunikationsanbieter in Deutschland zu erlassen. ""Die Bundesnetzagentur beabsichtigt zurzeit, ein Bußgeld von bis zu 50.000 Euro pro Standort zu verhängen"", heißt es in einem Schreiben der Behörde, wie die Nachrichtenagentur dpa berichtet. Im Rahmen einer Frequenzauktion im Jahr 2019 hatten sich Telefónica (O2), Vodafone, die Deutsche Telekom und Neueinsteiger 1&1 dazu verpflichtet, bis Ende 2022 das Handynetz an verschiedenen Standorten auszubauen. Da dies nicht geschehen ist, überlegt die Behörde auch, Zwangsgelder zu erheben. Diese könnten noch größere finanzielle Folgen für die Betreiber haben. Sogenannte weiße Flecken müssen ausgefüllt werden Nach eigenen Angaben haben die Netzbetreiber zentrale Vorgaben der Ausbaupflicht, etwa dass in jedem Bundesland in mindestens 98 Prozent der Haushalte eine Handyverbindung mit einem Download von 100 Megabit pro Sekunde möglich ist, erfüllt. Weiße Flecken gibt es bei Telefónica, Vodafone und Telekom dennoch häufig. Hierbei geht es um Gegenden, wo kein Handynetz eine Übertragung von 100 Megabit pro Sekunde schafft. Statt zum 31. Dezember 2022 auf 167 eigene Standorte in so einer Gegend zu kommen, meldete Vodafone nur 86, Telefónica 61 und die Telekom 38. Die größten Defizite verzeichnet Neueinsteiger 1&1: Statt 1.000 hat der Betreiber nur fünf neue 5G-Stationen aktiviert. Unisono meldeten die Netzbetreiber, dass sie mit dem Ausbau vorankämen. Es seien 14 weitere Stationen im Bau, sagte zum Beispiel ein Telekom-Sprecher. An den übrigen noch fehlenden 115 Standorten bestünden großteils keine Funklöcher, dort gebe es eine Grundversorgung – das Handy bekomme also Breitband-Empfang, aber die vorgeschriebene Mindestübertragung von 100 Megabit pro Sekunde fehle. Unklar, ob tatsächlich Strafen verhängt werden Die Verspätungen begründen die Firmen damit, eine staatliche Liste mit den betroffenen Gegenden zu spät erhalten zu haben. Zudem sei der Ausbau mancherorts nicht möglich – etwa wenn Grundstückseigentümer nicht bereit seien, ein Stück Land für einen Funkmast zu vermieten. In Naturschutzgebieten sei die Errichtung solcher Masten ebenfalls schwierig. Ist es aus rechtlichen und tatsächlichen Gründen unmöglich, Antennen aufzustellen, so wertet die Bundesnetzagentur dies nicht als Verfehlung. Somit ist unklar, wie groß die Versäumnisse tatsächlich sind. Derzeit prüft die Behörde die Unterlagen, die die Unternehmen Anfang Januar eingereicht haben."
d4b8bf50-f662-44e9-acc1-6c0d03032b43,2023-01-23 06:01:56+00:00,"Renault, McDonald's, Shell, Dr. Oetker, Nike, Starbucks – sie und noch viele mehr kündigten im vergangenen Jahr als Reaktion auf den russischen Einmarsch in der Ukraine ihren Rückzug aus Russland an. ""Es gibt kein zurück"", sagte Tengelmann-Inhaber Christian Haub (58) bereits kurz nach Kriegsbeginn dem manager magazin – und verschenkte wenig später seine 27 Filialen an einen russischen Investor. So entstand der Eindruck, dass der Großteil westlicher Firmen die Geschäftsbeziehungen zum Kriegsverbrecher Russland im Laufe des Jahres kappte. Doch bis auf ein paar oft prominente Ausnahmen ist diese Annahme falsch, wie jetzt eine Studie zeigt. Tatsächlich hätten weniger als ein Zehntel der westlichen Unternehmen Russland wirklich verlassen, haben Forscher der schweizerischen Universität St. Gallen (HSG) und der Wirtschaftshochschule IMD herausgefunden. ""Unsere Analyse zeigt, dass Ende November 2022 8,5 Prozent der EU- und G7-Unternehmen mindestens eine ihrer russischen Tochtergesellschaften veräußert hatten"", schreiben die Studienautoren Simon Evenett und Niccolò Pisani. Vom Rückzug im großen Stil kann also keine Rede sein. Für ihre Analyse haben die beiden Professoren – Evenett ist Handelsexperte an der HSG, Pisani hat seinen Schwerpunkt bei Globalisierungsthemen – umfangreiche Daten über Kapitalbeteiligungen ausländischer Unternehmen mit Hauptsitz in der Europäischen Union (EU) und den G7-Staaten gesammelt und überprüft, ob sich Veräußerungen von deren russischen Tochtergesellschaften nach dem Ausbruch des Ukraine-Kriegs bestätigten. Dabei stuften sie die Unternehmen sogar schon dann als ""zurückgezogen"" ein, wenn diese eine oder mehrere – aber nicht zwangsläufig alle – Tochtergesellschaften in Russland verkauft hatten. Nur 120 Firmen haben Russland verlassen Das Ergebnis: Von den 1404 Unternehmen mit Sitz in der EU oder in G7-Staaten, die vor der russischen Invasion insgesamt 2405 Tochterfirmen oder aktive Kapitalbeteiligungen in Russland besaßen, hatten sich neun Monate nach Beginn des Krieges gerade einmal 120 zurückgezogen. Aus Deutschland haben sich laut Studie insgesamt 14 Unternehmen zurückgezogen, darunter neben den oben genannten etwa die Deutsche Bank, Deutsche Telekom, Siemens, Vaillant oder Tönnies. Das geringe Ausmaß des Rückzugs westlicher Firmen geht mit früheren Forschungsergebnissen der Kyiv School of Economics (KSE) einher, denen zufolge nur 5 Prozent von allen Unternehmen mit Sitz im Ausland Russland verlassen hätten. In ihrer aktuellen Studie schreiben Evenett und Pisanie, dass der Druck, die Geschäftsbeziehungen abzubrechen, besonders hoch bei Unternehmen aus EU- oder G7-Staaten sei. Von daher sei es nicht überraschend, dass der Anteil in ihrer Studie etwas höher ausfalle. Insbesondere ""Underperformer"", also Firmen mit einer geringen Rentabilität, sowie Betriebe mit großen Belegschaften haben sich aus Russland zurückzogen. Schließlich machen die bestätigten Veräußerungen nur 6,5 Prozent des gesamten Gewinns vor Steuern aller EU- und G7-Firmen mit aktiver Geschäftstätigkeit in Russland aus, aber 15,3 Prozent der gesamten Beschäftigten. Gerade die Personalgröße könnte dazu beigetragen haben, dass die Unternehmen in der Öffentlichkeit stärker wahrgenommen werden, vermuten die Studienautoren. Mehr US-Betriebe ziehen sich zurück Grundsätzlich verließen der Studie zufolge mehr US-amerikanische Betriebe Russland als solche mit Sitz in der EU, Japan, Kanada, Großbritannien, Italien oder Frankreich. Insgesamt zogen sich 30 Unternehmen mit Sitz in den USA zurück, 15 aus Finnland, 14 aus Deutschland, 13 aus Großbritannien. Auffällig ist außerdem, dass gerade bei europäischen und japanischen Firmen, die sich zurückzogen, die Profitabilität häufig sehr gering war. Insgesamt, so die Zählung der Professoren, sind 1284 der EU- oder G7-Firmen noch immer aktiv in Russland. Die meisten davon: aus Deutschland, nämlich rund 250. Die zweitmeisten, noch aktiven Firmen haben ihren Sitz in Zypern, wobei es hier laut der Studie oft wahrscheinlich ist, dass in Wahrheit russische Eigner dahinterstecken. In Russland verblieben sind vor allem Firmen aus den Bereichen Landwirtschaft und Rohstoffabbau, während sich Betriebe aus dem verarbeitenden Gewerbe und Dienstleistungssektor eher zurückgezogen haben. So hält etwa der Landmaschinenbauer Claas aus dem westfälischen Harsewinkel noch immer an Russland fest, ebenso Süßigkeitenhersteller Storck oder Medizinunternehmen wie Braun oder Fresenius, wie die Universität Yale kürzlich auflistete. Bei einigen verzögert sich Rückzug Für die Unternehmen, die noch in Russland aktiv sind, gibt es vielfältige Gründe dort zu bleiben, erläutern Evenett und Pisani. In einigen Fällen wollen Unternehmen beispielsweise nicht ihre russische Kundschaft im Stich lassen, die weder an der Entscheidung über den Einmarsch in die Ukraine noch selbst an dem Krieg beteiligt sind. In anderen Fällen möchten die Firmen vielleicht nicht auf langfristige Beziehungen zu ihren Mitarbeitern oder Lieferanten verzichten; oder sie beschließen, ihre Tätigkeit in Russland aufgrund der gesellschaftlichen Relevanz ihrer Produkte und Dienstleistungen, etwa bei Medikamenten, nicht einzustellen. Als einen weiteren möglichen Grund, dass sich bislang so wenige Firmen aus Russland verabschiedet haben, sehen die Autoren auch die Hürden beim Rückzug. Selbst wenn ein westliches Unternehmen beschlossen und sich öffentlich dazu verpflichtet hat, sich zurückzuziehen, kann es letztendlich scheitern. Einige finden beispielsweise keinen Käufer für die Tochtergesellschaft, der bereit ist, die geforderte Summe zu zahlen. Bei anderen wird der Verkauf durch Hindernisse seitens der russischen Regierung erschwert oder verzögert, indem sie den Transfer der Erlöse ins Ausland verhindert."
43bd59c6-c85a-423f-aca5-2ea47334d928,2023-01-23 15:02:00+00:00,"Im freundlichen Marktumfeld legt zu Wochenbeginn auch die Aktie der Deutschen Telekom wieder zu. Nach dem kurzen Rücksetzer unter die 20-Euro-Marke steuert der DAX-Titel bereits wieder das kürzlich erreichte Mehrjahreshoch bei 20,66 Euro an. Rückenwind gibt es durch eine positive Studie des US-Analysehauses Bernstein. Die Telekombranche in Europa dürfte kurzfristig noch unter den Auswirkungen der Inflation leiden und 2023 weiter an der Kostenschraube drehen, so Analyst Stan Noel. Die Deutsche Telekom sei dabei wie Telefónica oder Liberty Media besser positioniert als andere Konzerne – hier nannte Noel etwa Telenor, Vodafone oder Telia. Noel hat zudem auf lange Sicht Hoffnung auf eine weitere Branchenkonsolidierung. Sein Kursziel lautet 25 Euro, die Einstufung beließ er auf „Outperform“. Auf dem aktuellen Niveau hätte die T-Aktie damit ein Potenzial von rund 25 Prozent."
2e46ec2e-afd8-45e1-b072-5e9f02aa30f6,2023-01-24 14:28:11+00:00,"T Phone und T Phone Pro Telekom verkauft eigene Handy-Modelle Von t-online, sha Aktualisiert am 25.01.2023Lesedauer: 2 Min. Die Deutsche Telekom verkauft ab sofort mit dem T Phone eine eigene Handy-Marke. Die 5G-fähigen Smartphones hat der Konzern mit Google entwickelt. Mit dem T Phone und T Phone Pro bringt die Deutsche Telekom eigene Smartphones in den Handel. Die 5G-fähigen Geräte sind ab sofort erhältlich, wie das Unternehmen mitteilt. Die Modelle sind etwas teurer als im vergangenen Jahr angegeben. Zur Ausstattung: Die beiden Smartphones besitzen ein HD+-Display, was einer Auflösung von 720p entspricht. Der Bildschirm des T Phone ist 6,52 Zoll groß, das Display des T Phone Pro hat 6,82 Zoll. Beide Handys haben eine 15-Watt-Schnellladeoption, hochauflösende Kameras, einen Fingerabdrucksensor und Gesichtserkennung. Die Akkugröße gibt die Telekom mit 5000 mAh beim T Phone Pro und 4500 mAh beim T Phone an. Wie lange die Handys mit einer Akkuladung durchhalten, teilt das Unternehmen nicht mit. Unterschiedliche Kameraausstattung und Speichergröße Ansonsten unterscheiden die Modelle sich nur wenig. Das T Phone Pro besitzt zusätzlich zur Hauptkamera mit einer Auflösung von 50 Megapixeln eine Ultraweitwinkelkamera mit 5 Megapixel. Außerdem kommt das T Phone Pro mit 6 GB RAM und 128 GB Speicher. Das T Phone kommt auf 4 GB RAM und 64 GB Speicher Die Selfie-Kamera hat beim Pro-Modell 16 Megapixel im Gegensatz zu 5 Megapixel beim T Phone. Ein weiterer Unterschied: Nur das T Phone Pro besitzt einen NFC-Chip. Das T Phone kostet in der einfachsten Ausstattung 219 Euro, das T Phone Pro soll 269 Euro kosten. Beide Handys bietet die Telekom auch mit einem Mobilfunktarif an. In den Fall kosten die Geräte nur 1 Euro."
383ecc22-a13c-41ad-84a1-f69534ea8c9d,2023-01-25 16:02:49+00:00,"25. Januar 2023, 17:02 Uhr | Lesezeit: 4 Minuten Beim mobilen Internet hinkt Deutschland anderen Ländern immer noch hinterher. Hohen Tarifpreisen stehen teils schlechte und langsame Verbindungen gegenüber. Nun machen die Anbieter Freenet und EWE Tel den drei Netzbetreiber große Vorwürfe. Freenet beklagt mangelnde Öffnung des 5G-Netzes Freenet gehört zu den größten Mobilfunkanbietern in Deutschland. Allerdings betreibt das Unternehmen kein eigenes Netz, sondern bietet seine Tarife sowohl im Netz der Telekom, als auch dem von Vodafone und O2 an. Die entsprechenden Kapazitäten dafür kauft Freenet ein. Gerade beim Thema 5G wird das dem Anbieter aber schwer gemacht, klagt Rickmann von Platen, Vorstand von Freenet. Die Netzbetreiber würden versuchen, 5G „mit absoluter Preissetzungsmacht“ zu vermarkten, so von Platen gegenüber der FAZ. Doch warum die schweren Vorwürfe? Offenbar würden einige Mobilfunkanbieter, die bei der Realisierung ihrer Dienste auf die Infrastruktur der drei Netzbetreiber angewiesen sind, gern 5G-Tarife zu günstigeren Konditionen anbieten. Das würden durch die drei Anbieter aber deutlich erschwert. Wie schon in der Vergangenheit mit der Freigabe von LTE seien auch jetzt wieder Diensteanbieter von 5G weitestgehend ausgeschlossen. Freenet vermarktet bislang daher nur 5G-Tarife von den Netzbetreibern selbst; die Preise beginnen hier im Schnitt bei 30 Euro. Eigene, günstigere Angebote über die Eigenmarken fehlen. Uneinigkeit zwischen Netzbetreibern und Diensteanbietern In der 5G-Frequenzauktion 2019 hat die Bundesnetzagentur sowohl Netzbetreiber als auch Diensteanbieter dazu angehalten, bezüglich der Nutzung der Netzinfrastruktur diskriminierungsfrei zu verhandeln. Allerdings gibt es keine rechtlichen Verpflichtungen, die die Unternehmen zwingt, zu kooperieren. Diensteanbieter wie Freenet sind daher auf die Freigaben der 5G-Netze durch die Betreiber zu vernünftigen Preisen angewiesen. Doch laut Aussage von Freenet, die auch der Regionalanbieter EWE Tel stützt, würden die Netzbetreiber eher ihre „hochpreisigen Originaltarife“ pushen, statt günstigere Zugänge zum Netz und somit günstigere 5G-Tarife zu ermöglichen. Sowohl Freenet als auch EWE Tel fordern daher die Rückkehr zur Drittanbieter-Verpflichtung in der kommenden Frequenzvergabe. Wirtschaftswissenschaftler Torsten J. Gerpott sieht das allerdings zwiespältig. In einem Kommentar zu den Eckpunkten der 5G-Frequenzvergabe schrieb er damals, dass man einerseits zu einer Erhöhung der Wettbewerbsintensität im deutschen Mobilfunkmarkt beitragen könne, je niedriger die jeweiligen Vorleistungspreise festgesetzt werden. „Umgekehrt reduziert man aber mit solchen Verpflichtungen und niedrigen Preisen für die entsprechenden Vorleistungen auch die Anreize für die etablierten drei Anbieter Telekom Deutschland, Vodafone und Telefónica Germany in ihre Infrastruktur zu investieren.“ Lesen Sie auch: Großer Mobilfunk-Netztest 2023 zeigt erhebliche Unterschiede in 5G-Abdeckung Das sagen Vodafone und O2 zu den Vorwürfen Letztgenanntes Argument greifen auch die Netzbetreiber selbst auf. TECHBOOK hat die Deutsche Telekom, Vodafone und Telefónica/O2 um einem Statement bezüglich der Vorwürfe gebeten. Vodafone meinte, dass man keine Probleme beim Wettbewerb auf dem Markt sehe und proaktiv mit Diensteanbietern verhandeln würde. Allerdings weist der Provider auf die hohen Investitionen für Netzausbau und -instandhaltung hin, die man stets berücksichtigen müsse. Eine Dienstanbieter-Verpflichtung hält Vodafone daher nicht für hilfreich. Ähnlich äußert sich auch O2. „Als O2 Telefónica üben wir das Verhandlungsgebot partnerschaftlich und konstruktiv aus. Verhandlungen werden dabei immer von zwei Seiten geführt und Ergebnisse hängen vom Entgegenkommen beider Verhandlungspartner ab. “ Der Netzbetreiber habe schon immer viel Wert auf Kooperationen gelegt, was die zahlreichen Mobilfunkanbieter belegen würden, die das Netz mitnutzen. „Durch unser starkes Partnergeschäft sind wir ein entscheidender Treiber des Wettbewerbs im deutschen Mobilfunkmarkt.“ Auf die Anschuldigungen seitens Freenet und EWE Tel, man würde für die Öffnung des 5G-Netzes hohe Preise fordern, geht keiner der beiden Netzbetreiber ein. Von der Telekom lag uns zum Zeitpunkt der Veröffentlichung dieses Artikels kein Statement vor. Mehr zum Thema Ab 27 Euro Unlimited-Tarife im Vergleich! Unbegrenzt mobil im Internet surfen Fürs Smartphone Telekom MagentaMobil, Vodafone Red und O2 Free im großen Tarif-Vergleich So finden Sie es heraus! Welche Handy-Vorwahl zu welchem Anbieter gehört Quellen"
fbd36cc4-1257-4c4b-aa4d-7c62772897f4,2023-01-25 16:41:36+00:00,"Herr Fries, der Schweizer Kabelnetzbetreiber UPC gehört seit 2005 Liberty Global. Vor zwei Jahren haben Sie für 6,8 Milliarden Franken den Mobilfunkanbieter Sunrise gekauft. Wie zufrieden sind Sie mit dem Fortschritt der Fusion? Sehr. Die beiden Unternehmen passen hervorragend zusammen. Wir konnten das ausgezeichnete 5G-Mobilfunknetz von Sunrise und das Kabelnetz von UPC, das Kunden eine Geschwindigkeit von 1 Gigabit pro Sekunde bietet, kombinieren. Die geplanten Synergien konnten wir grösstenteils realisieren. Wir sind auf Kurs. Aber die Schweiz ist ein hart umkämpfter Markt mit drei grossen Anbietern. Es gibt zudem wenige Länder, in denen der staatliche Telekomkonzern einen so hohen Marktanteil hat. Deshalb braucht es Sunrise als Angreifer. In Belgien, den Niederlanden und Grossbritannien haben Ihre Tochterfirmen jüngst die Preise erhöht. Wird Sunrise bald nachziehen? Die Schweiz ist mit ihrer niedrigen Inflation ein Sonderfall. Allerdings sind auch hier die Kosten gestiegen, etwa bei der Energie oder den Löhnen. In den vergangenen Jahren haben die Kunden zudem immer mehr Leistung für weniger Geld erhalten. Das kann nicht ewig so weitergehen. Das heisst? Preiserhöhungen in der Schweiz sind nicht ausgeschlossen. Sunrise hat allerdings noch nichts entschieden. Wir wollen preislich attraktiv bleiben. Die Rechnung muss aber aufgehen. Sunrise arbeitet eng mit Huawei zusammen. Der chinesische Konzern hat wesentlich dazu beigetragen, dass sich Sunrise heute punkto Qualität des Mobilfunknetzes auf Augenhöhe mit Swisscom befindet. Die US-Regierung hat Sanktionen gegen Huawei verhängt. Was heisst das für Sunrise? Liberty Global ist kein amerikanisches Unternehmen, sondern ein britisches. Die Schweizer Regierung hat sich mit dem Thema befasst und hat keine Vorbehalte gegenüber Huawei. Liberty Global hält sich an die Regeln des jeweiligen Marktes. Sie schauen sich nicht nach anderen Lieferanten um? Im Moment nicht. Huawei ist bei der Mobilfunktechnologie führend. Freiwillig wird Sunrise die Zusammenarbeit nicht beenden. Wir würden dadurch einen Wettbewerbsvorteil verlieren. Sollte die Politik den Einsatz von Huawei-Hardware verbieten, würden wir uns selbstverständlich daran halten. Davon wäre nicht nur Sunrise betroffen. Auch die anderen beiden Telekomunternehmen arbeiten mit Huawei zusammen: Salt im Mobilfunk, Swisscom beim Festnetz. Der russische Einmarsch in die Ukraine hat gezeigt, dass die Situation rasch eskalieren kann. Fühlen Sie sich nicht unwohl dabei, von einem chinesischen Lieferanten abhängig zu sein? Nein, gar nicht. Im Falle einer Eskalation würden wir Massnahmen ergreifen. Welche? Wir würden die Huawei-Komponenten im Netz austauschen. Auch wenn es aus unserer Sicht keinen Grund dafür gibt: Falls die Politik einen solchen Entscheid träfe, wäre das für Sunrise absolut kein Weltuntergang. Ist das nicht eine gar passive Haltung? Nein, wir beobachten die geopolitische Lage und die Diskussion in der Schweiz sehr genau. Uns ist durchaus bewusst, dass die Partnerschaft mit einem chinesischen Lieferanten ein gewisses Risiko birgt. Allerdings ist Sunrise wie jedes Unternehmen zahlreichen Risiken ausgesetzt, die es gegeneinander abzuwägen gilt. Ein politischer Entscheid käme nicht von heute auf morgen. Notfalls haben wir genügend Kapital, um die Huawei-Komponenten im Netz zu ersetzen. Spürt Sunrise negative Auswirkungen der US-Sanktionen auf die Hardware oder den Service von Huawei? Nein, eher im Gegenteil. Huawei hat einige Kunden verloren. Wir haben den Eindruck, dass sich das Unternehmen stark um die Telekomfirmen bemüht, die ihm treu geblieben sind. Liberty Global ist historisch aus der Akquisition von Kabelnetzen entstanden. Werden Sie diese Netze weiterhin aufrüsten oder zu reinen Glasfasernetzen umbauen? Die Antwort fällt in jedem Land anders aus. In der Schweiz sprechen verschiedene Gründe für das Kabelnetz. Mittelfristig können wir damit Übertragungsraten von 10 Gigabit pro Sekunde erreichen. Wo sich die Investitionen in eine Aufrüstung des Kabelnetzes nicht lohnen, kann Sunrise auf die Glasfasernetze von Partnern zurückgreifen. Warum bauen Sie in Grossbritannien ein Glasfasernetz? Dort können wir zu einem Bruchteil der Kosten bauen. Unsere Kabelnetze bestehen bereits grösstenteils aus Glasfasern. Nur auf der letzten Meile kommen Koaxialkabel zum Einsatz. Es kann aber sehr kostspielig sein, diese durch Glasfasern zu ersetzen. Das gilt besonders für die Schweiz, weil hier unterirdisch gebaut werden muss. In Grossbritannien können die Leitungen oberirdisch in die Gebäude gezogen werden. An einem Joint Venture für den Glasfaserausbau würde sich Liberty Global in der Schweiz also nicht beteiligen? Wir schliessen nichts aus. Falls es jemanden geben sollte, der das vorhat, würden wir uns das anschauen. Konkrete Pläne gibt es aber nicht. Swiss Fibre Net, ein Gemeinschaftsunternehmen von Energieversorgern, will Kabelnetze aufkaufen und zu Glasfasernetzen umrüsten. Sunrise gilt als möglicher Partner. Das ist ein anderes Thema. Es geht dabei um den Glasfaserstreit. Die Wettbewerbskommission (Weko) hat Swisscom vorsorglich verboten, mit der Punkt-zu-Multipunkt-Bauweise erstellte Glasfaseranschlüsse in Betrieb zu nehmen. Swiss Fibre Net hat einen Kompromissvorschlag gemacht, wie man die rund 400 000 blockierten Anschlüsse «reparieren» könnte. Daran wären wir grundsätzlich interessiert. Es gibt aber offene Fragen zur Machbarkeit und Wirtschaftlichkeit der Lösung. Und Swisscom müsste dazu Hand bieten. Im Glasfaserstreit hat Sunrise der Rivalin Swisscom öffentlich den Rücken gestärkt. Das hat viele Beobachter überrascht. Es geht uns darum, dass der Glasfaserausbau möglichst rasch und günstig voranschreitet. Gibt es in anderen Ländern ähnliche Diskussionen? Nein, diese Diskussion gibt es nur in der Schweiz. Fairerweise muss man aber sagen, dass die Argumente der Weko nicht aus der Luft gegriffen sind. Beide Bauweisen haben Vor- und Nachteile. Liberty Global wollte eigentlich UPC Schweiz an Sunrise verkaufen. Erst nachdem der Deal am Widerstand der Sunrise-Aktionäre gescheitert war, drehten Sie den Spiess um und kauften Sunrise. Wird sich Liberty Global aus der Schweiz zurückziehen, sobald die Fusion abgeschlossen ist? Nein, daran verschwenden wir derzeit keinen Gedanken. Wir haben vor zwei Jahren mit der Fusion begonnen, und wir haben noch viel vor. Auch ein Börsengang von Sunrise dürfte vom Tisch sein. Nur im Moment, wegen des gegenwärtigen makroökonomischen Umfelds. Wenn sich die Lage ändert, könnte das eine interessante Option sein. Sie hatten aus Liberty Global zunächst ein kleines Imperium geformt, das in rund 30 Ländern an Kabelnetzbetreibern beteiligt war. Heute konzentrieren Sie sich auf Grossbritannien, die Schweiz, Belgien und die Niederlande. Warum haben Sie das Unternehmen verkleinert? Das Geschäft in Lateinamerika haben wir nicht verkauft, sondern in eine separate Gesellschaft ausgegliedert. In Europa hat sich Liberty Global tatsächlich aus einigen Märkten zurückgezogen. Hier waren wir in 12 Ländern präsent. In Deutschland, Ungarn, Rumänien und Tschechien haben wir an Vodafone verkauft. In Österreich haben wir an die Deutsche Telekom verkauft, in Polen an den Salt-Besitzer Xavier Niel. Seit dem Deal mit Vodafone, der Liberty Global rund 22 Milliarden Dollar einbrachte, sind einige Beobachter der Ansicht, dass Sie sich ganz aus Europa zurückziehen werden. Wir sind in Europa heute grösser als vor dem Vodafone-Deal. Der Blick auf die Landkarte ist irreführend. Ökonomisch sind wir gewachsen. Liberty Global hat Märkte verlassen, in denen wir keine Wachstumschancen sahen. Bei den Deals ging es um Konvergenz – also darum, Unternehmen mit einem Festnetz und solche mit einem Mobilfunknetz zu kombinieren. Auffallend ist, dass Sie sich in den meisten Fällen auf der Verkäuferseite befanden. Wir versuchen auf jener Seite des Verhandlungstisches zu sitzen, die für die Aktionäre von Liberty Global Wert schafft. Gleichzeitig investieren wir in unsere Kernmärkte. Ich bin sehr zufrieden mit den Fortschritten, die wir dort machen. Man könnte sagen, dass Sie das Gegenteil eines «empire builder» sind. Sie erliegen nicht der Versuchung, ein persönliches Reich aufzubauen, sondern steigern den Wert für die Aktionäre. Ich versuche es zumindest. Es ist für Liberty Global nicht existenziell, nach Grösse zu streben. Wir sind kein klassischer Telekomkonzern wie beispielsweise Vodafone. Wenn es um das operative Geschäft geht, gibt es kaum Unterschiede. Wir investieren in Netze, Effizienz, Produkte und Innovation. Als Investor handelt Liberty Global aber unternehmerischer. Es ist also nicht ausgeschlossen, dass sich Liberty Global ganz aus der Telekombranche zurückzieht und etwas ganz anderes tut? Das können nur Staatsunternehmen wie Swisscom ausschliessen. Private Unternehmen können nichts ausschliessen. Sie tun das, was im Interesse der Aktionäre ist. Sie gehören zu den bestbezahlten Managern der Telekombranche. Für 2021 haben Sie als CEO von Liberty Global eine Vergütung von insgesamt 45 Millionen Dollar erhalten. Wie viel wird es für 2022 sein? Das weiss ich noch nicht. Die von Ihnen genannten Zahlen sind fiktiv. Das musste ich auch meiner Frau erklären, nachdem die Medien darüber berichtet hatten. Meine Vergütung besteht grösstenteils aus Optionen. Entscheidend ist, dass ich mit ins Risiko gehe. Wenn ich mit den Optionen nichts verdiene, bin ich unzufrieden – und die Aktionäre ebenso. Und wenn ich viel verdiene, sind auch unsere Investoren glücklich. Das Management hat deshalb starke Anreize, den Wert des Unternehmens zu steigern. Das schätzen unsere Investoren. Der Liberty-Global-Präsident John Malone ist bekannt für seine Strategie. Statt Gewinne zu schreiben, sollen seine Unternehmen den Cashflow in Wachstum und Akquisitionen investieren. Liberty Global hielt sich lange an dieses Prinzip. Das scheint nun nicht mehr der Fall zu sein. Es stimmt, dass wir in den vergangenen sechs, sieben Jahren einige Unternehmen verkauft haben. Ich glaube aber, dass wir uns weiterhin in einer Wachstumsphase befinden. Wenn jemand bei mir anklopft und einen lächerlich hohen Preis für ein Liberty-Global-Unternehmen bietet, dann ist meine Tür selbstverständlich immer offen. Aber das ist nicht unser Plan. Wir wollen in den Kernmärkten wachsen. Ist die Telekombranche überhaupt noch attraktiv? Die Märkte sind gesättigt, es braucht hohe Investitionen in die Netze, im TV-Bereich fliesst viel Geld zu den Streamingdiensten. Die Telekombranche verspürt gerade Rückenwind. Die Pandemie hat gezeigt, dass Vernetzung von entscheidender Bedeutung ist. Das dürfte sich auch auf die Zahlungsbereitschaft ausgewirkt haben. Und wenn sich neue Ökosysteme wie das Metaversum durchsetzen, wird die Branche zu den Gewinnern gehören."
d3c74378-707d-4a16-864b-71430455ed1f,2023-01-26 14:34:30+00:00,"Bis zu zehnmal schnellere Datenraten, ein stabileres Netz und neue Funktionen für das Smart Home: Der Sprung von 4G auf den modernen Mobilfunkstandard 5G birgt viele Vorteile. Doch um von den neuen Funktionen und Verbesserungen profitieren zu können, braucht es ein geeignetes Smartphone. Ein preisgünstiger Neuzugang in Deutschland ist das T-Phone Pro, hinter dem die Deutsche Telekom steckt. Gemeinsam mit Google und dem Unternehmen Wingtech hat der Kommunikationsanbieter ein 5G-fähiges Handy zum Einstiegspreis geschaffen. Kostenpunkt: 269 Euro. Preislich sehr attraktiv – aber stimmt auch die Leistung? IMTEST hat die Pro-Variante des Telekom T-Phone ausgiebig getestet: die Antworten der Reihe nach. Wertiges Design mit Kunststoff-Gehäuse, bei 214 Gramm Bildschirm mit 6,82 Zoll Diagonale und einer Auflösung von 1.600 x 720 Pixeln bei einer Bildwiederholrate von 60 Hertz. Hauptkamera: 50 Megapixel Prozessor: Mediatek Dimensity 700 Speicher: 128 Gigabyte, erweiterbar Preis: 269 Euro Design: Keineswegs billig Das T-Phone Pro unterscheidet sich vom Basismodell unter anderem optisch, denn es ist größer und breiter. Genau genommen misst das Pro-Modell circa 7,78 Zentimeter (cm) in der Breite und 17,39 cm in der Länge. Eine stolze Größe, womit das Handy andere Smartphone-Neuheiten wie das Asus Zenfone 9 überragt. Dementsprechend steht auch viel Bildschirmfläche zur Verfügung. Das Display ist 6,82 Zoll groß. Zum Vergleich: Das Standard-Modell ist mit 6,52 Zoll etwas kleiner. Auf die Waage bringt das T-Phone Pro 214 Gramm – somit gehört das Handy nicht zu den leichten Vertretern seiner Zunft – sonderlich schwer ist es aber auch nicht. Beim Design hat die Telekom sich bei Konkurrenten wie Apple inspirieren lassen, was merklich am viereckigen Kameramodul auf der Rückseite erkennbar ist. Die Ecken sind leicht abgerundet und das Display wird klar durch Kanten abgeschnitten. Die Hülle wird aus Kunststoff gefertigt und ist recht wertig verarbeitet. Das Design ist jedoch eher schlicht – hinten klafft lediglich das ikonische “T” der Telekom. Vor Staub und Wasser ist das Handy dank einer IP52-Zertifizierung ebenfalls geschützt – wenngleich auch nicht so gut wie aktuelle Premium-Modelle – beispielsweise das Google Pixel 7 Pro. Zwei kleine Überraschungen hat das T-Phone aber noch in petto. Zum einen gibt es – anders als beim Samsung Galaxy S22, iPhone 14 oder Google Pixel 7 Pro – einen 3,5-Millimeter-Klinkenanschluss, um kabelgebundene Kopfhörer anzuschließen. Zum anderen verfügt das Telekom-Handy über einen Steckplatz für microSD-Karten. Somit lässt sich der interne Speicher – der beim T-Phone Pro 128 Gigabyte (GB) beträgt – auf bis zu 2 Terabyte aufstocken. Übrigens: Das Basismodell hat von Haus aus nur 64 GB Festspeicher. Ein kleines Design-Detail ist aber noch eine Erwähnung wert: Die Einschalttaste ist im Telekom-typischen Magenta-Farbton gehalten. Ob das einem gefällt, ist wie so oft Geschmackssache. Praktisch ist hingegen, dass in dem Knopf ein Fingerabdrucksensor eingebaut ist. So lässt sich das Handy ohne Probleme entsperren. Alternativ funktioniert das auch per Gesichtserkennung – und das sogar relativ sicher. Display: Reichlich Bildschirmfläche Während das Gehäuse noch nach Mittelklasse aussieht, offenbart spätestens das Display die Herkunft aus dem Einsteiger-Segment. Der Bildschirm löst Inhalte mit 1.600 x 720 Pixeln auf, was eine überschaubare Pixeldichte von 257 ppi ergibt. Einzelne Pixel waren im Test aber nicht erkennbar. Hinzu kommt eine Bildwiederholrate von 60 Hertz. Heißt: Das Display ist in der Lage, 60 Bilder in der Sekunde darzustellen. Schnelle Bewegungen oder Objekte werden deswegen schnell mal verschluckt. Dennoch ist das Handy damit absolut alltagstauglich – denn selbst das gewöhnliche iPhone 14 kommt nur auf 60 Hertz. Die im Testlabor gemessene Maximalhelligkeit beträgt 401 Candela pro Quadratmeter. Das ist zwar im direkten Vergleich mit teureren Pendants recht wenig, trotzdem muss man nicht befürchten, bei Sonnenschein nichts mehr zu sehen. Die Helligkeit reicht auch am Tage völlig aus. Jedoch leidet auch die Farbwiedergabe darunter. Selbst einfache Farben stellt das Display teils verfälscht dar. Das dürfte jedoch nur Profis auffallen. Leistung: Effizienz über Kraft Was das Display begonnen hat, führt das Innenleben des Telekom T-Phone Pro fort. In dem Handy übernimmt der Dimensity 700 die Rechenaufgaben, ein Prozessor des Herstellers Mediatek. Der Chip wurde für Smartphones aus der unteren Mittelklasse gebaut, was sich auch in der Leistung widerspiegelt. Im Test mit dem Leistungsmessprogramm Geekbench 5 erreichte das Telekom T-Phone Pro 1.638 Punkte. Zur Einordnung: Für rudimentäre Apps wie WhatsApp oder ähnliche Anwendungen reicht die Rechenkraft aus. Kräftezehrende Anwendungen und Mobile-Games wie “Genshin Impact” zwingen das Handy jedoch schnell in die Knie – was auch das 3DMark-Ergebnis (2.529 Punkte Slingshot Extreme). Letzteres wird dadurch schnell zum Ruckelfest – trotz 6 GB Arbeitsspeicher. Beim Standardmodell sind es übrigens nur 4 GB RAM. Zwei überraschend gute Eigenschaften hat der Prozessor aber: Wie eingangs bereits erwähnt, ist das Handy dank des Chips 5G-fähig. Somit kann man unter anderem im blitzschnellen 5G-Netz surfen. Außerdem arbeitet die CPU im Einklang mit dem Arbeitsspeicher sehr effizient. Im Akku-Test lieferte das Telekom T-Phone Pro nämlich mächtig ab. Bei permanenter Videowiedergabe und einer gleichbleibenden Helligkeit von 300 Candela pro Quadratmeter gingen erst nach elf Stunden und 30 Minuten die Lichter aus. Beim Laden zeigt sich hingegen ein ganz anderes Bild. Wer von null auf 100 Prozent laden will, muss mächtig Geduld mitbringen. Erst nach drei Stunden und 43 Minuten war die 100-Prozent-Marke im Testlabor erreicht. Eine Schnellladefunktion gibt es leider nicht. Ein Vorteil des Pro-Modells: Alternativ kann man das Handy auch kabellos laden. Telekom T-Phone: Ausstattung im Check Software-seitig ist das Telekom T-Phone Pro mit Android 12 ausgestattet. Ein Update auf Android 13 plant der Kommunikationsanbieter im Frühjahr 2023. Nichtsdestotrotz haben Nutzerinnen und Nutzer bereits Zugriff auf die gesamte Angebotsvielfalt von Google – von Google Maps über Google Docs bis hin zum Google Play Store. Im App-Store des Suchmaschinen-Riesen gibt es Millionen von Anwendungen und alle gängigen Apps wie WhatsApp, Twitter und Co. Wenige Worte muss man hingegen über die Bedienung verlieren. Das Wischen durch Menüs und der Wechsel zwischen Apps klappte im Test flüssig. Einstellungen werden übersichtlich dargestellt und einzelne Wischgesten gehen schnell in Fleisch und Blut über. Ein weiterer Vorteil des Pro-Modells: Das Handy erlaubt im Gegensatz zum Standard-Pendant kontaktlose Zahlungen via NFC. Dafür muss man die Funktion nur in der jeweiligen Bank-App erlauben und anschließend das Handy an das Kartenlesegerät halten. Kamera-Test: Vier Linsen für ein Halleluja? Die Vierfach-Kamera auf der Rückseite setzt sich aus einer 50-Megapixel-Hauptkamera (MP), einem 5-MP-Ultraweitwinkel, einem 2-MP-Tiefensensor und einer 2-MP-Makrolinse zusammen. Angenehm ist, dass das viereckige Modul nahezu gar nicht aus dem Gehäuse herausragt. Somit kann man das Handy flach ablegen, ohne dass es kippelt. Aufnahmen der Hauptkamera sehen scharf aus – und selbst feine Details wie Häuserfassaden sind noch gut erkennbar. Jedoch fällt auf, dass die Bilder teilweise stark verrauscht sind. Des Weiteren hält sich das Kontrastverhältnis in Grenzen. Eigentlich knallige Farben sehen auf den Bildern etwas fahl aus. Der Ultraweitwinkel und die Makrolinse kommen bei unterschiedlichen Szenarien zum Einsatz. Ersterer dient dazu, dass möglichst alles auf ein Bild passt, die Makrolinse ist hingegen für Nahaufnahmen geeignet. Insekten oder Pflanzen lassen sich so gut fotografieren. Besonders brillante Aufnahmen darf man mit dem Telekom T-Phone Pro jedoch nicht erwarten – die Qualität ist eher zweckmäßig. Eine kleine Sensation ist die Frontkamera, die bei den Messungen am Fotostand “gut” abgeschnitten hat. Aufgenommene Selfies zeichnen sich durch eine sehr hohe Auflösung auf, Gesichter sehen klar aus und Farben wirken weder überdreht noch fahl. Hinzu kommt eine hohe Bilddynamik. Preis und Verfügbarkeit Das Telekom T-Phone Pro ist ab sofort in Deutschland für 269 Euro erhältlich. Wer sich bei der Telekom für einen Vertrag entscheidet, kann das Handy jedoch auch für einen Euro erwerben – zahlt dann aber einen dementsprechend höheren monatlichen Betrag. Das Basismodell ohne Pro-Features kostet 219 Euro. Fazit Dass ein gutes 5G-Handy nicht viel Geld kosten muss, beweist Telekom mit dem T-Phone Pro. Das Smartphone besticht mit einem großen, alltagstauglichen Bildschirm, praktischen Features wie Zahlung via NFC und einer erstaunlich guten Kamera – sowohl vorne als auch hinten. Außerdem sieht das Handy aus der Einsteigerklasse mit seinem schlichten Design nicht nur schick aus, sondern es ist auch wertig verarbeitet und robust. Abstriche muss man jedes an vielen Ecken hinnehmen. Die Leistung ist nur langsam, die maximale Helligkeit des Bildschirms lässt zu wünschen übrig und die Ladegeschwindigkeit ist nicht mehr zeitgemäß. Dennoch: Für 269 Euro bietet das Telekom T-Phone Pro sehr viel – und ist somit ein heißer Kandidat in Sachen Preis-Leistung. PRO 5G-Unterstützung, NFC-fähig, gute Haupt- und Selfie-Kamera, Android-Betriebssystem, wertige Verarbeitung. KONTRA langsames Arbeitstempo, niedrige Maximalhelligkeit, niedrige Bildwiederholrate. IMTEST Ergebnis: befriedigend 2,6"
1c9f3a9e-5a23-433d-b41f-64ea40e8d5ec,2023-01-30 09:04:00+00:00,"Startseite Wirtschaft Frax So regeln die Dax-Konzerne das Mobile Arbeiten Von: Steffen Herrmann Wie geht es mit dem Homeoffice weiter? Rufen die Unternehmen ihre Beschäftigten in die Büros zurück? Die FR hat deutsche Unternehmen im Dax gefragt, das sind ihre Antworten. Adidas: Zwei Tage pro Woche können die Beschäftigten des Sportartikelherstellers mobil arbeiten. Eine Besonderheit: Pro Jahr dürfen sie außerdem zehn Arbeitstage im Ausland arbeiten. Airbus: Beim Luftfahrtkonzern kommen die Beschäftigten zurück in die Büros: Zwar sei Mobiles Arbeiten außerhalb des produktionskritischen Bereichs in der Regel möglich, sagt ein Sprecher, es gebe keine feste Vorgabe mehr. „Ansonsten sehen wir schon eine graduelle Rückkehr ins Büro, was auch gut ist, da im tagtäglichen Arbeitsalltag nichts den persönlichen Kontakt wirklich ersetzen kann.“ Allianz: Eine interessante Zahl: Bis zu 49 Prozent dürfen die Beschäftigten hierzulande mobil arbeiten, in der Pandemie blieben die Leute bis 90 Prozent zu Hause. Damit habe man gute Erfahrungen gemacht, sagt eine Sprecherin: „Deswegen ist unser Arbeiten der Zukunft hybrid.“ Der Weg dorthin sei eine Reise, derzeit teste man verschiedene Konzepte: „So kommen die Kolleg:innen in den jeweiligen Einheiten aktuell beispielsweise an wöchentlichen Teamtagen gemeinsam in der Betriebsstätte zusammen und haben so die Möglichkeit, sich persönlich auszutauschen.“ BASF: Bei BASF sei das Mobile Arbeiten nicht mehr wegzudenken, erzählt eine Sprecherin am Telefon. Zumindest außerhalb der Produktion, wo rund 50 Prozent der Beschäftigten in Ludwigshafen arbeiten. Seit 2012 gibt es in dem Werk eine Betriebsvereinbarung zum Thema, die man nun geupdatet habe. Eine standortweite Regel, wie viele Tage man von zu Hause arbeiten darf, gibt es nicht: „Die Einheiten entscheiden das selbst.“ Studie der Uni Leipzig Wie geht es den Menschen im Homeoffice? Professor Hannes Zacher hat sie gefragt. Seine wichtigste Erkenntnis: „Das Homeoffice muss gut gemanagt werden.“ Beiersdorf: In Hamburg haben Geschäftsführung und Betriebsrat die Mobile Arbeit in einer Betriebsvereinbarung geregelt. „Mitarbeitende haben einen Anspruch, bis zu 40% ihrer individuellen Sollarbeitszeit außerhalb des Beiersdorf-Betriebsgeländes zu erbringen“, teilt eine Sprecherin des Unternehmens mit. Auch mehr sei möglich. Aber: „Der Arbeitsmittelpunkt soll aber im Betrieb und am Beiersdorf-Standort verbleiben.“ BMW: Seit 2013 kann man bei BMW mobil arbeiten, wenn die Aufgabe dafür geeignet ist. Einheitliche Regeln gebe es wegen der vielen unterschiedlichen Aufgaben nicht, teilt BMW mit. „Die zentrale Maxime bei der Umsetzung lautet: Wir arbeiten an dem Ort, mit der Technik und auf die Art, die für die BMW Group das beste Resultat bringen.“ Brenntag: Beschäftigte am Standort Essen haben nach Angaben des Unternehmens Anspruch auf drei Tage mobiles Arbeiten pro Woche. Einzige Einschränkung: Es muss mit dem Jobprofil vereinbar sein. Covestro: Beim Leverkusener Werkstoffhersteller ist man zufrieden, mit den Erfahrungen, die man während der Pandemie gemacht hat: „Viele Tätigkeiten lassen sich in gleich guter Qualität mobil durchführen“, teilt eine Sprecherin mit. Das hätten die Mitarbeitenden in den vergangenen drei Jahren „im großen Maßstab eindrucksvoll bewiesen“. Also geht es mobil weiter: Beschäftigte in Deutschland dürfen auch künftig bis zu 80 Prozent im Monat mobil arbeiten, wenn es die Tätigkeit erlaubt. Daimler Truck: Auch bei Daimler Truck arbeitet man „schon seit Jahren in vielen Bereichen erfolgreich virtuell zusammen“, wie es aus Leinfelden-Echterdingen heißt, wo das Unternehmen seinen Hauptsitz hat. Eine feste Regel gibt es demnach nicht: Die einzelnen Bereiche, Abteilungen oder Teams sollen – abhängig von der jeweiligen Aufgabe – eigenständig entscheiden. Deutsche Bank: Beschäftigte der Deutschen Bank dürfen „je nach Rolle“ ein bis drei Tage pro Woche mobil arbeiten. Dafür erhalten sie nach Angaben der Bank eine technische Grundausstattung. „Das Büro bleibt unser wichtigster Arbeitsplatz“, teilt eine Sprecherin mit, „als Ort des persönlichen Austauschs, der Kreativität und Zusammenarbeit“. Geregelt ist die mobile Arbeit in einer Betriebsvereinbarung. Sie enthält nach Angaben der Sprecherin auch folgende Anspruch: „Mitarbeitende, die mindestens 40 Prozent mobil arbeiten, erhalten alle fünf Jahre eine Zahlung von 1000 Euro brutto.“ Das solle helfen, die „technische Grundausstattung der Bank je nach persönlichen Bedürfnissen zu ergänzen“. Deutsche Telekom: Hier ist Mobile Arbeit seit 2016 mit einem Tarifvertrag geregelt, Details werden in den Geschäftsbereichen entschieden. Trotzdem gewinne das Büro wieder an Bedeutung und werde neuerfunden, wie ein Sprecher mitteilt: „Nämlich als Ort der Begegnung, als Ort der zwischenmenschlichen Interaktion, als Ort des Austauschs und der Kreativität.“ EON: Zahlen nennt der Essener Konzern nicht, gibt aber an, auf „Flexibilität und ein zeitgemäßes Arbeitsumfeld“ zu setzen. Dabei orientiere man sich an den individuellen Bedürfnissen der Mitarbeitenden. Die hybride Arbeit könne von jedem Team „eigenverantwortlich“ gestaltet werden. Fresenius und Fresenius Medical Care: Ein „Schema F“ gibt es laut einer Sprecherin der beiden Dax-Konzerne nicht. Zumindest am Standort Bad Homburg haben die Beschäftigten das Recht, bis zu drei Tage mobil zu arbeiten. Aktionen, um die Menschen zurück in die Büros zu holen, gebe es nicht. „Wir merken jedoch, dass die Anwesenheitsquote wieder steigt.“ Henkel: Der Konzern setzt auf ein „holistisches Konzept für die Zukunft der Arbeit“, das weltweit gilt. Beschäftigte dürfen bis zu 40 Prozent mobil arbeiten. Gleichzeitig gestalte man viele Büros neu und habe das Kantinenangebot erweitert. „Wir stellen fest, dass die Mitarbeiter:innen die Zusammenarbeit vor Ort schätzen und nach den vielen Monaten der Corona-bedingten Distanz gerne wieder in die Büros zurückkehren“, heißt es aus der Konzernzentrale. Infineon: Ende Mai 2022 hat der Halbleiterhersteller „die pandemiebedingten Regelungen eingestellt, sodass alle Beschäftigten in Deutschland in ihrem üblichen Umfeld arbeiten“, wie ein Sprecher mitteilt. Im Sommer folgte dann eine eigene „standortübergreifende Remote-Work-Regelung“. Das Unternehmen bietet seinen Beschäftigten in Deutschland nun 20 bis 40 Prozent mobile Arbeit an. Mercedes Benz: Auch bei Mercedes wird das mobile Arbeiten dezentral in den Teams geregelt. Eine Grenze nach oben gibt es dabei nicht: Wenn es die Aufgabe zulasse, sei es möglich, zu 100 Prozent von einem anderen Ort aus zu arbeiten, sagte Personalvorständin Sabine Kohleisen der Deutschen Presseagentur. Merck: Seit 2013 schon können Beschäftigte des Chemie- und Pharmaunternehmens ihren Arbeitsort und ihre Arbeitszeit „flexibler an ihre individuelle Lebenssituation anzupassen“, wie die Darmstädter mitteilen. Zahlen nennt der Konzern nicht, nur so viel: Bis zu 60 Arbeitstage können Beschäftigte innerhalb von zwölf Monaten mobil im Ausland arbeiten. MTU Aero Engines: Der Münchener Hersteller von Triebwerken hat in einen „dauerhaften Modus des hybriden Arbeitens“ geschaltet, „sodass Arbeiten von zuhause in vielen Bereichen möglich und alltäglich ist“, wie es ein Sprecher zusammenfasst. Feste Quoten für Präsenz oder mobiles Arbeiten geben das Unternehmen nicht vor. Porsche: Seit 2014 gibt es das mobile Arbeiten bei Porsche. Während der Pandemie wurde es nach Angaben des Autobauers auf 100 Prozent hochgefahren. Nun setzt man auf ein hybrides Modell, auch weil die Erfahrungen in der Pandemie positiv waren: „Es hat sich gezeigt, dass sich die mobile Arbeit und die Bürowelt sehr gut ergänzen“, sagt eine Sprecherin. Vor der Pandemie konnte man zwei Tage pro Woche mobil arbeiten, nun soll es bis zu zwölf Tage pro Monat, aber auch stundenweise möglich sein. „Wichtig ist uns, dass unsere Führungskräfte einen Großteil ihrer Zeit vor Ort sind, um sich intensiv ihrer Führungsaufgabe widmen zu können.“ Qiagen: Beschäftigte des Biotech-Unternehmens, das seit September 2021 im Dax ist, können zwei Tage pro Woche mobile arbeiten – sofern es ihre Tätigkeit zulässt. Siemens: „New Normal“, so bezeichnet der Konzern das seit dem Sommer 2020 praktizierte Arbeitsmodell, das den regelmäßigen Wechsel zwischen Büro und mobilem Arbeiten ermöglicht. „Mobiles Arbeiten bezieht sich dabei ausdrücklich nicht nur auf das Homeoffice“, sagt eine Sprecherin. „Vielmehr soll der Mitarbeiter – in Absprache mit der Führungskraft – denjenigen Arbeitsort wählen, an dem er am produktivsten ist.“ In der Regel kann zwei bis drei Tage die Woche mobil gearbeitet werden. Für Siemens stehe nicht mehr die Anwesenheit im Büro im Mittelpunkt, „sondern eine ergebnisorientierte Kultur des Vertrauens und der Verantwortlichkeit, damit die Mitarbeitenden selbstbestimmt ihren Arbeitsalltag organisieren und zum Erfolg von Siemens beitragen können“. Siemens Energy: Beim Elektro- und Energietechnikhersteller gibt man sich flexibel, bleibt aber im Ungefähren: Grundsätzlich sei es nach Absprachen möglich, mobil zu arbeiten. Aber: „Es soll durchschnittlich nicht mehr als 45% der Jahresarbeitszeit des Mitarbeiters umfassen.“ Siemens Healthineers: Beim Hersteller von Medizintechnik können Angestellte bis zu 60 Prozent ihrer Arbeitszeit mobil gestalten. Und zwar nicht nur am heimischen Küchentisch: „Die Mitarbeitenden sollen – in Absprache mit der Führungskraft – denjenigen Arbeitsort wählen, an dem sie am produktivsten sind“, teilt das Unternehmen mit. Also zum Beispiel auch in Co-Working-Büros. Das Modell habe sich bewährt. „Planungen, die Mitarbeitenden zurück ins Büro zu holen, gibt es daher nicht.“ Symrise: „Im Regelfall dürfen unsere Mitarbeiterinnen und Mitarbeiter mit einem Homeoffice-geeigneten Arbeitsplatz in Absprache mit ihrer:m Vorgesetzten und den direkten Kolleginnen und Kollegen flexibel nach Wunsch bis zu zwei Tage pro Woche von Zuhause arbeiten“, teilt Symrise mit. Bei individuellen Regelungen berücksichtige man immer auch die persönliche Situation der Beschäftigten. Volkswagen: Bei Volkswagen dürfen die Beschäftigten bis zu maximal vier Tage pro Woche mobil arbeiten. „Die vereinbarten mobilen Arbeitstage können nach Abstimmung mit der Führungskraft innerhalb eines Kalendermonats flexibel verteilt werden“, teilt eine Sprecherin mit. Konzernweit gebe es „aufgrund der spezifischen Anforderungen“ in der Praxis unterschiedliche Modelle. Grundsätzlich sei es wichtig, die „richtige Balance zwischen Mobiler Arbeit und Arbeit im Büro zu schaffen“. Vonovia: Laut einer Umfrage des Betriebsrats des Immobilienkonzerns wünscht sich die Mehrheit der Beschäftigten ein hybrides Arbeitsmodell. Die Arbeit von zu Hause soll auch weiterhin möglich sein. Nach Angaben von Vonovia ist die Zentrale in Bochum zu 50 Prozent ausgelastet. Zalando: Der Onlinehändler setzt auf Abwechslung: 40 Prozent Präsenz im Büro und 60 Prozent Remote-Arbeit. Man wolle „das Beste aus beiden Welten miteinander verbinden“ und den Beschäftigten „ein gutes Gleichgewicht zwischen Flexibilität und dem regelmäßigen Austausch“ vor Ort ermöglichen. Die Umfrage Die FR hat die im Dax gelisteten Unternehmen angeschrieben und darum gebeten, einige Fragen zum Mobilen Arbeiten zu beantworten. Dies waren die Fragen, aus denen die FR einige Antworten zitiert: Welche Rolle spielt das Mobile Arbeiten zur Zeit bei Ihnen? Gibt es eine feste Regel, z. B.: drei Tage im Büro, zwei Tage mobil arbeiten? Haben Sie 2023 vor, die Mitarbeiterinnen und Mitarbeiter (teilweise) zurück ins Büro zu holen? Falls ja: Wie? Falls nein: Warum nicht? Einige Unternehmen haben nicht auf die FR-Anfrage reagiert, unter anderem RWE, SAP, Satorius, Münchener Rück, Hannover Rück, Heidelberg Cement, Deutsche Börse, Deutsche Post, Continental und Bayer."
7c7f4b4e-ee81-49c4-8220-663f5f13f544,2023-01-31 10:11:15+00:00,"Ronnenberg, 31. Januar 2023 MEDIENINFORMATION 7.100 Glasfaser-Anschlüsse für Ronnenberg Gigabit Geschwindigkeit möglich Kostenfreien Hausanschluss sichern: www.telekom.de/glasfaser-ronnenberg _______________________________________________________________ Die Telekom baut in Ronnenberg und den Stadtteilen Benthe mit Sieben Trappen, Ihme-Roloven, Linderte, Vörie und Weetzen ein Glasfasernetz für rund 7.100 Haushalte und Unternehmen. Das neue Netz ermöglicht Privatkund*innen hohe Bandbreiten bis 1 Gbit/s (Gigabit pro Sekunde). Außerdem können Unternehmen aus Ronnenberg künftig Geschäftskundentarife bis 100 Gbit/s buchen. Damit haben Kund*innen einen superschnellen Anschluss für digitales Lernen und Arbeiten, Streaming und Gaming, alles gleichzeitig. Bürgermeister Marlo Kratzke hebt die Bedeutung von schnellen Internetverbindungen hervor: „Glasfaser ist die Schlüsseltechnologie für unsere digitale Gesellschaft. Das neue Netz erhöht die Attraktivität unserer Kommune. Es sichert die Zukunftsfähigkeit als Wohn- und Wirtschaftsstandort. Der Glasfaseranschluss steigert außerdem den Wert einer Immobilie.” „Hohe Geschwindigkeiten am eigenen Anschluss sind wichtig. Schließlich soll im WLAN zuhause und im Betrieb alles stabil laufen. Wer sich bis 31.12.2023 für einen Glasfaser-Anschluss entscheidet, bekommt ihn kostenfrei. Hauseigentümer*innen sparen damit 799,95 Euro“, sagt Alexander Steinhof, Regionalmanager der Telekom. Was jetzt wichtig ist Der Glasfaseranschluss kommt nicht von allein ins Haus. Wer als Immobilienbesitzer*in einen Glasfaseranschluss haben will, muss der Telekom das Einverständnis geben, den neuen Anschluss zu legen. Auch wer zur Miete wohnt, kann den Glasfaseranschluss bei der Telekom beantragen: Sie kontaktiert die Vermieter*innen. Dann wird besprochen, wo die Glasfaser ins Haus kommt und wie sie im Haus verläuft. Auch Mieter können Glasfaser bekommen Jeder Mieter kann einen Glasfaseranschluss bestellen. Solange dem Vermieter keine Kosten entstehen, kann dieser seine Zustimmung nicht verweigern. Die Telekom wird die Baumaßnahme mit dem Eigentümer abstimmen. Gleiches gilt für Eigentümer in Mehrparteienhäusern: Auch sie können einen Glasfaseranschluss beantragen. Es ist sinnvoll, im Zuge des Glasfaser-Ausbaus alle Wohnungen mit einem Anschluss auszustatten. Denn ein Glasfaseranschluss bedeutet für den Eigentümer eine erhebliche Wertsteigerung. Außerdem ist eine Immobilie mit Glasfaseranschluss für die Zukunft bestens gerüstet. Auch lässt sie sich einfacher vermieten oder verkaufen. Darüber hinaus bietet der Glasfaser-Anschluss alle Möglichkeiten für digitale Anwendungen: Zum Beispiel Homeoffice-Anbindung, Smart Home, IP-TV, Streaming Dienste, Online Gaming oder auch Telemedizin. Mehr Informationen zur Verfügbarkeit und den Tarifen der Telekom: Telekom Shop Hannover, Bahnhofstr. 3, 30159 Hannover www.telekom.de/glasfaser-ronnenberg Hotline 0800 22 66 100 (kostenfrei) Für Unternehmen aus Ronnenberg Hotline 0800 330 6709 (kostenfrei) E-Mail: vollglas@telekom.de www.telekom.de/jetzt-vollglas Deutsche Telekom AG Corporate Communications Stefanie Halle, Pressesprecherin Tel.: 0228 181 – 49494 E-Mail: medien@telekom.de Weitere Informationen für Medienvertreter*innen:"
c1e87313-825b-4919-a8f6-e8ccace1bd95,2023-02-01 09:32:00+00:00,"Nach einem regionalen Test und größeren Feldtest 2021 bietet die Deutsche Telekom ihre Hybrid-5G-Option jetzt regulär für alle interessierten Kunden an. Hybrid 5G ist ein Zusammenspiel aus Festnetz und Mobilfunk und kann bis zu 300 Mbit/s im Downlink zusätzlich zur Verfügung stellen. Hybrid LTE kann davon ebenfalls profitieren. Hybride Tarife aus Festnetz und Mobilfunk sind nicht gänzlich neu bei der Deutschen Telekom, waren bislang aber auf das LTE-Netz beschränkt, um zum Beispiel einen DSL-Anschluss über die Bündelung mit LTE zu beschleunigen. Im Herbst 2021 hatte es einen regionalen Test auch mit 5G gegeben, bevor im selben Jahr ein größerer Feldtest mit 800 Interessierten folgte. Ab sofort ist Hybrid 5G regulär bei der Telekom erhältlich. Hybrid 5G nutzt externen 5G-Empfänger Am technischen Aufbau für Hybrid 5G hat sich mit der regulären Markteinführung nichts verändert. Kunden benötigen für die Option den WLAN-Router Speedport Smart 4, der zugunsten eines besseren Empfangs mit einem externen 5G-Empfänger (190 × 112 × 40 mm, 550 g) verbunden wird, der für den Außeneinsatz am Fensterbrett, dem Balkon oder der Fassade konzipiert wurde. In den 5G-Empfänger wird eine neue SIM-Karte für die Hybrid-Option gesteckt. Über ein mitgeliefertes Ethernet-Flachbandkabel (10 m), das den Empfänger mittels PoE auch mit Strom versorgt, und einen LAN/PoE-Adapter werden die beiden Geräte miteinander verbunden. Das Flachbandkabel lässt sich durch den Fensterrahmen, die Balkon- oder Terrassentür verlegen, sodass keine Löcher gebohrt werden müssen. Das benötige Montagematerial für verschiedene Szenarien liegt dem Produkt bei. 300 Mbit/s zusätzlich für Lastspitzen Über das 5G-Netz stellt Hybrid 5G bis zu 300 Mbit/s im Downlink und bis zu 50 Mbit/s im Uplink zusätzlich zum Festnetzanschluss zur Verfügung. Dabei hat der Festnetzanschluss Priorität, sodass der Boost über das Mobilfunknetz nur dann zum Einsatz kommt, wenn zum Beispiel ein Download oder Streaming die regulär verfügbare Bandbreite ausreizt und mehr möglich wäre. Die zusätzliche Verbindung kann auch der Ausfallsicherheit des Anschlusses dienen. Bei der Hybrid-5G-Option handelt es sich um eine echte Flatrate ohne Einschränkungen beim Datenvolumen. Der 5G-Empfänger ist technisch bereits für einen zusätzlichen Downlink von bis zu 500 Mbit/s vorbereitet. 5G-Option ist kostenlos für langsames DSL Für DSL-Kunden mit geringer Bandbreite in den Tarifen MagentaZuhause XS und S, die auf maximal 16 Mbit/s kommen, wird die Hybrid-5G-Option kostenlos angeboten. In allen anderen MagentaZuhause-Tarifen liegt der Aufpreis bei 4,95 Euro pro Monat. Der eigenständige MagentaZuhause-Hybrid-Tarif ist für 24 Monate für 34,95 Euro monatlich erhältlich, danach für 39,95 Euro im Monat. Für Glasfaseranschlüsse der Telekom ist die Option nicht verfügbar. Weitere Kosten entstehen für die Hardware, also den Speedport Smart 4 und den 5G-Empfänger. Der WLAN-Router lässt sich für monatlich 6,95 Euro mieten oder für einmal 189,99 Euro bei der Deutschen Telekom erwerben. Für den 5G-Empfänger ruft das Unternehmen 7,95 Euro pro Monat oder einmalig 359,99 Euro auf. Im Bundle gibt es die Komponenten mit monatlich 12,95 Euro oder einmalig 529,99 Euro etwas günstiger. LTE-Kunden sollen von Entlastung profitieren Die bisherige Hybrid-LTE-Option wird von dem neuen Angebot nicht abgelöst, sondern bleibt erhalten. Wie der Netzbetreiber erklärt, finde durch die neue Option eine Verlagerung des Datenverkehrs von LTE nach 5G statt, sodass sich das Kundenerlebnis auch für Hybrid-LTE-Nutzer durch die Entlastung verbessere."
24fb2329-a404-431f-8e2d-df16ed5429e0,2023-02-01 10:40:16+00:00,"Ergolding, 1. Februar 2023 MEDIENINFORMATION 6.100 Glasfaser-Anschlüsse für Markt Ergolding Gigabit Geschwindigkeit möglich Kostenfreien Hausanschluss sichern: www.telekom.de/glasfaser _______________________________________________________________ Die Telekom baut in der Marktgemeinde Ergolding ein Glasfasernetz für rund 6.100 Haushalte und Unternehmen. Die Arbeiten beginnen im Frühjahr 2024. Das neue Netz ermöglicht Privatkund*innen hohe Bandbreiten bis 1 Gbit/s (Gigabit pro Sekunde). Außerdem können Unternehmen aus Ergolding künftig Geschäftskundentarife bis 100 Gbit/s buchen. Damit haben Kund*innen einen superschnellen Anschluss für digitales Lernen und Arbeiten, Streaming und Gaming, alles gleichzeitig. Bürgermeister Andreas Strauß hebt die Bedeutung von schnellen Internetverbindungen hervor: „Glasfaser ist die Schlüsseltechnologie für unsere digitale Gesellschaft. Das neue Netz erhöht die Attraktivität unserer Kommune. Es sichert die Zukunftsfähigkeit als Wohn- und Wirtschaftsstandort. Der Glasfaseranschluss steigert außerdem den Wert einer Immobilie.” „Hohe Geschwindigkeiten am eigenen Anschluss sind wichtig. Schließlich soll im WLAN zuhause und im Betrieb alles stabil laufen. Wer sich bis zum Beginn der Bauarbeiten für einen Glasfaser-Anschluss entscheidet, bekommt ihn kostenfrei. Hauseigentümer*innen sparen damit 799,95 Euro“, sagt Harald Jungmeier, Regionalmanager der Telekom. Was jetzt wichtig ist Der Glasfaseranschluss kommt nicht von allein ins Haus. Wer als Immobilienbesitzer*in einen Glasfaseranschluss haben will, muss der Telekom das Einverständnis geben, den neuen Anschluss zu legen. Auch wer zur Miete wohnt, kann den Glasfaseranschluss bei der Telekom beantragen: Sie kontaktiert die Vermieter*innen. Dann wird besprochen, wo die Glasfaser ins Haus kommt und wie sie im Haus verläuft. Auch Mieter können Glasfaser bekommen Jeder Mieter kann einen Glasfaseranschluss bestellen. Solange dem Vermieter keine Kosten entstehen, kann dieser seine Zustimmung nicht verweigern. Die Telekom wird die Baumaßnahme mit dem Eigentümer abstimmen. Gleiches gilt für Eigentümer in Mehrparteienhäusern: Auch sie können einen Glasfaseranschluss beantragen. Es ist sinnvoll, im Zuge des Glasfaser-Ausbaus alle Wohnungen mit einem Anschluss auszustatten. Denn ein Glasfaseranschluss bedeutet für den Eigentümer eine erhebliche Wertsteigerung. Außerdem ist eine Immobilie mit Glasfaseranschluss für die Zukunft bestens gerüstet. Auch lässt sie sich einfacher vermieten oder verkaufen. Darüber hinaus bietet der Glasfaser-Anschluss alle Möglichkeiten für digitale Anwendungen: Zum Beispiel Homeoffice-Anbindung, Smart Home, IP-TV, Streaming Dienste, Online Gaming oder auch Telemedizin. Mehr Informationen zur Verfügbarkeit und den Tarifen der Telekom: Telekom Shop Telekom Partner Shop www.telekom.de/glasfaser Hotline 0800 22 66 100 (kostenfrei) Für Unternehmen aus Ergolding Hotline 0800 330 6709 (kostenfrei) E-Mail: vollglas@telekom.de www.telekom.de/jetzt-vollglas Deutsche Telekom AG Corporate Communications Dr. Markus Jodl, Pressesprecher Tel.: 0228 181 – 49494 E-Mail: medien@telekom.de Weitere Informationen für Medienvertreter*innen:"
